"id","Year","Age","trackid","start_time","DeploymentID","sex","tripduration.days","maxdistance.km","totalpathdistance.km","total_landings_hmm","propRest_hmm","propSearch_hmm","propTravel_hmm","propARSvsTravel_hmm","logmaxdistance.km","logtotalpathdistance.km","southLat","northLat","latRange","SAMIndex","IODIndex","SOIIndex","boldness","attempted_breeding","breeding_success","prevyear"
"waal_4619",2014,NA,139,2014-03-24 10:25:00,"BS0957_2014","Female",1.90625,126.2504836,617.3546859,3,0.262295082,0.573770492,0.163934426,0.777777778,4.83826789864318,6.42544371433078,-46.45407,-45.42535,1.02872,1.34,-0.051,-1.5,0.838336343,NA,NA,NA
"waal_4619",2014,NA,136,2014-03-03 15:18:00,"BS0957_2014","Female",5.072916667,312.2990304,789.7252536,18,0.652263374,0.25308642,0.094650206,0.727810651,5.7439611595772,6.67168510471833,-46.3592,-44.52604,1.83316,1.34,-0.051,-1.5,0.838336343,NA,NA,NA
"waal_4619",2014,NA,137,2014-03-14 17:13:00,"BS0957_2014","Female",4.5,773.7472277,2763.385537,8,0.17016317,0.368298368,0.461538462,0.443820225,6.65124524105216,7.92421185083888,-47.10838,-42.45326,4.65512,1.34,-0.051,-1.5,0.838336343,NA,NA,NA
"waal_4619",2014,NA,138,2014-03-21 16:23:00,"BS0957_2014","Female",0.635416667,59.60921869,234.0405274,1,0.166666667,0.733333333,0.1,0.88,4.08781023811692,5.45549429437844,-46.41747,-46.1428,0.27467,1.34,-0.051,-1.5,0.838336343,NA,NA,NA
"waal_0020",2011,28,16,2011-02-11 12:25:00,"BS10328_2011","Female",10.59375,666.9520941,2319.310674,34,0.538385827,0.335629921,0.125984252,0.727078891,6.5027182203977,7.74902529723463,-47.15605,-44.08108,3.07497,0.87,0.322,4.5,1.393113678,1,1,"failedrep"
"waal_0128",2018,33,409,2018-02-05 08:59:00,"BS10810_2018","Female",12.92708333,1657.992165,7414.212083,29,0.290322581,0.318548387,0.391129032,0.448863636,7.4133626101111,8.91115398904743,-57.3623,-43.90093,13.46137,1.02,0.295,-0.8,0.212841295,1,1,"no attempt"
"waal_0128",2018,33,410,2018-02-28 15:14:00,"BS10810_2018","Female",9.489583333,1558.839062,5261.988177,18,0.29010989,0.294505495,0.415384615,0.414860681,7.35169663217034,8.5682642147334,-46.97911,-38.02285,8.95626,1.02,0.295,-0.8,0.212841295,1,1,"no attempt"
"waal_0139",2013,28,568,2013-03-19 07:42:00,"BS10860_2013_b","Female",2.03125,120.5735961,989.0802161,2,0.108247423,0.726804124,0.164948454,0.815028902,4.79226032251176,6.89677543662482,-46.63103596,-45.50334511,1.12769085,2.31,0.183,2.5,-1.377874855,1,1,"failedrep"
"waal_0139",2013,28,570,2013-03-31 05:02:00,"BS10860_2013_b","Female",1.958333333,146.966675,646.591544,4,0.401069519,0.518716578,0.080213904,0.866071429,4.99020586039798,6.47171478756895,-47.01869549,-46.15254451,0.86615098,2.31,0.183,2.5,-1.377874855,1,1,"failedrep"
"waal_0139",2013,28,569,2013-03-24 07:14:00,"BS10860_2013_b","Female",1.947916667,79.85892622,654.2827314,3,0.102150538,0.784946237,0.112903226,0.874251497,4.38026165576456,6.48353956904689,-46.93585438,-45.84926684,1.08658754,2.31,0.183,2.5,-1.377874855,1,1,"failedrep"
"waal_0204",2013,27,59,2013-03-03 09:08:00,"BS11218_2013","Female",5.083333333,957.8000901,2931.848552,13,0.316221766,0.260780287,0.422997947,0.381381381,6.86463908197825,7.9833884081936,-46.36817,-37.73888,8.62929,2.31,0.183,2.5,0.214210354,1,1,"no attempt"
"waal_0217",2013,27,545,2013-02-23 13:58:00,"BS11260_2013","Female",8.583333333,1132.193519,5701.867198,19,0.138349515,0.438106796,0.423543689,0.508450704,7.03191219733251,8.64854897877698,-46.35937,-38.54515,7.81422,2.84,0.269,-0.4,1.016826666,1,1,"failedrep"
"waal_0335",2013,25,565,2013-03-22 12:48:00,"BS11817_2013","Female",3.572916667,1193.5513,3858.314247,2,0.014619883,0.210526316,0.774853801,0.213649852,7.08468842767878,8.25798564349223,-46.35762,-35.94733,10.41029,2.31,0.183,2.5,0.027839984,1,1,"no attempt"
"waal_0335",2013,25,564,2013-03-09 04:51:00,"BS11817_2013","Female",10.4375,1368.424136,6955.190145,15,0.245508982,0.245508982,0.508982036,0.325396825,7.22141509106541,8.84724344330806,-47.95763,-37.33804,10.61959,2.31,0.183,2.5,0.027839984,1,1,"no attempt"
"waal_0335",2016,28,288,2016-01-17 18:56:00,"BS11817_2016","Female",10.59375,1235.202232,5950.530616,23,0.311023622,0.273622047,0.415354331,0.397142857,7.1189899862637,8.69123567372311,-48.11516,-36.45823,11.65693,3.13,0.331,-3.6,0.027839984,1,1,"failedrep"
"waal_0335",2018,30,393,2018-01-25 10:22:00,"BS11817_2018","Female",19.11458333,1701.361249,10047.2402,38,0.401853871,0.197928026,0.400218103,0.330902461,7.43918394433319,9.21505326881065,-47.30645,-31.52766,15.77879,2.72,-0.135,1.8,0.027839984,1,0,"no attempt"
"waal_0335",2018,30,394,2018-02-22 06:23:00,"BS11817_2018","Female",8.114583333,885.4970755,4503.711382,21,0.255784062,0.380462725,0.363753213,0.511226252,6.78614915456357,8.41265708739329,-47.39409,-42.05246,5.34162999999999,1.02,0.295,-0.8,0.027839984,1,0,"no attempt"
"waal_0483",2013,23,576,2013-03-15 09:26:00,"BS12635_2013_b","Female",0.958333333,68.99694514,192.6607887,6,0.467391304,0.467391304,0.065217391,0.87755102,4.23406223028383,5.26093107106137,-46.96740134,-46.41944044,0.5479609,2.31,0.183,2.5,0.149519974,1,1,"no attempt"
"waal_0483",2013,23,575,2013-03-11 07:11:00,"BS12635_2013_b","Female",2.083333333,262.7825541,985.4500141,7,0.35,0.26,0.39,0.4,5.5713268997037,6.89309840394669,-46.68211873,-44.13416139,2.54795734,2.31,0.183,2.5,0.149519974,1,1,"no attempt"
"waal_0483",2013,23,577,2013-03-20 06:22:00,"BS12635_2013_b","Female",2.927083333,834.0677465,2009.314311,3,0.135714286,0.357142857,0.507142857,0.41322314,6.72631462987505,7.60554880404607,-46.55302814,-40.2942989,6.25872924,2.31,0.183,2.5,0.149519974,1,1,"no attempt"
"waal_0532",2014,31,113,2014-02-18 18:03:00,"BS12978_2014","Female",11.69791667,1049.443362,5726.517733,24,0.220142602,0.516042781,0.263814617,0.661714286,6.95601517115365,8.65286289948887,-46.36528,-37.55899,8.80629,0.36,-0.009,0.1,-1.346437966,1,1,"failedrep"
"waal_0533",2014,31,704,2014-04-10 10:52:00,"BS12988_2014_b","Female",2.822916667,462.3948401,2032.476816,2,0.066666667,0.418518519,0.514814815,0.448412698,6.13641915834262,7.61701043471484,-50.00503,-46.00434,4.00069,1.18,0.017,1.3,-1.727057403,1,1,"no attempt"
"waal_0648",2016,24,192,2016-01-17 07:46:00,"BS18847_2016","Female",3.09375,312.4748127,1010.374698,8,0.398648649,0.449324324,0.152027027,0.747191011,5.74452386656815,6.91807652915504,-46.3341,-44.84162,1.49248,3.13,0.331,-3.6,-0.877166443,1,1,"no attempt"
"waal_0649",2013,NA,68,2013-02-20 07:20:00,"BS1885_2013","Female",10.91666667,884.243103,4438.748133,44,0.340974212,0.380133715,0.278892073,0.576811594,6.78473202822481,8.3981276636433,-48.48264,-42.42417,6.05847000000001,2.84,0.269,-0.4,NA,NA,NA,NA
"waal_0650",2012,20,510,2012-02-20 13:40:00,"BS18853_2012","Female",14.9375,1910.64631,9750.597235,35,0.225401256,0.336357292,0.438241452,0.434234234,7.55519684600128,9.18508381698769,-47.97557,-32.53223,15.44334,-1.53,0.002,0.8,1.658474874,1,0,"no attempt"
"waal_0650",2014,22,117,2014-03-01 16:10:00,"BS18853_2014","Female",11.57291667,1617.144901,6784.900788,24,0.30990991,0.256756757,0.433333333,0.372062663,7.38841746657032,8.82245494990709,-48.01527,-33.08451,14.93076,1.34,-0.051,-1.5,1.658474874,1,1,"failedrep"
"waal_0650",2014,22,118,2014-03-17 14:50:00,"BS18853_2014","Female",2.59375,464.4487242,1322.820175,10,0.273092369,0.333333333,0.393574297,0.458563536,6.14085116292482,7.18752123273007,-46.35737,-43.83485,2.52252,1.34,-0.051,-1.5,1.658474874,1,1,"failedrep"
"waal_0650",2014,22,119,2014-03-22 10:30:00,"BS18853_2014","Female",2.145833333,415.9587022,1461.122051,3,0.068292683,0.36097561,0.570731707,0.387434555,6.03058598177563,7.28695994761809,-46.35809,-42.73649,3.62159999999999,1.34,-0.051,-1.5,1.658474874,1,1,"failedrep"
"waal_0650",2019,27,483,2019-02-18 12:13:00,"BS18853_2019","Female",11.70833333,1844.640073,8026.330788,33,0.2190561,0.370436331,0.410507569,0.474344356,7.52003945505876,8.99048276453027,-48.60107,-32.7444,15.85667,-1.87,0.496,-2.3,1.658474874,1,1,"failedrep"
"waal_0654",2013,21,79,2013-03-05 03:32:00,"BS18863_2013","Female",12.34375,1662.200655,8168.880079,21,0.213682432,0.330236486,0.456081081,0.419978518,7.41589769917492,9.00808710122432,-46.35783,-32.62568,13.73215,2.31,0.183,2.5,3.300882155,1,1,"no attempt"
"waal_0673",2013,21,51,2013-03-04 00:05:00,"BS18913_2013","Female",6.510416667,951.2615022,3470.724019,16,0.391025641,0.227564103,0.381410256,0.373684211,6.85778900077165,8.15211850218496,-46.36219,-42.63382,3.72837,2.31,0.183,2.5,0.789663035,1,1,"no attempt"
"waal_0673",2017,25,302,2017-01-30 14:25:00,"BS18913_2017","Female",21.02083333,2171.538935,10648.76287,71,0.317145689,0.306243806,0.376610505,0.448476052,7.68319138181644,9.27319900194888,-46.58424,-32.12242,14.46182,-1.12,-0.02,0.3,0.789663035,1,1,"no attempt"
"waal_0753",2010,16,516,2010-02-16 15:15:00,"BS19085_2010","Female",10.92708333,1479.479118,6517.591857,21,0.252862595,0.320610687,0.426526718,0.429118774,7.29944535751288,8.78226023960937,-48.21671,-34.3782,13.83851,-2.12,0.103,-2.4,-0.179312776,1,1,"no attempt"
"waal_0824",2013,20,587,2013-03-20 23:33:00,"BS19262_2013_b","Female",2.635416667,671.0563772,2079.615119,6,0.142857143,0.261904762,0.595238095,0.305555556,6.50885315311436,7.63993811663124,-49.63412,-43.19085,6.44327000000001,2.31,0.183,2.5,-1.831173861,1,1,"no attempt"
"waal_0824",2013,20,589,2013-04-04 12:28:00,"BS19262_2013_b","Female",2.96875,677.3987954,2245.016777,8,0.204225352,0.292253521,0.503521127,0.367256637,6.51826016211224,7.71646827319966,-46.58955,-40.3864,6.20315,-0.07,-0.222,0.4,-1.831173861,1,1,"no attempt"
"waal_0824",2013,20,588,2013-03-26 13:51:00,"BS19262_2013_b","Female",5.78125,1132.853003,5052.485133,12,0.190990991,0.232432432,0.576576577,0.287305122,7.03249451121634,8.52763550676974,-47.68645,-39.21652,8.46993,2.31,0.183,2.5,-1.831173861,1,1,"no attempt"
"waal_0938",2016,22,292,2016-02-10 09:16:00,"BS19544_2016","Female",5.114583333,214.8671978,1652.017202,19,0.33197556,0.553971487,0.114052953,0.829268293,5.37002015263074,7.40975236685964,-46.82994,-45.42209,1.40785,1.35,-0.03,-3.2,-0.995212144,1,0,"no attempt"
"waal_0938",2016,22,291,2016-01-26 12:08:00,"BS19544_2016","Female",5.697916667,1041.756593,5024.139004,6,0.098720293,0.272394881,0.628884826,0.302231237,6.94866359905623,8.52200937575891,-47.11735,-44.12831,2.98904,3.13,0.331,-3.6,-0.995212144,1,0,"no attempt"
"waal_0949",2013,19,7,2013-01-25 13:51:00,"BS19570_2013","Female",7.90625,908.5208132,3732.981091,20,0.327176781,0.344327177,0.328496042,0.511764706,6.81181779698493,8.22496241353878,-46.48737,-42.23946,4.24791,0.71,0.001,-0.1,0.897655342,1,1,"no attempt"
"waal_0958",2013,19,98,2013-03-10 03:40:00,"BS19602_2013","Female",5.21875,553.154345,1941.451294,13,0.431137725,0.325349301,0.243512974,0.571929825,6.31563706746227,7.57119106206848,-46.36536,-44.14933,2.21603,2.31,0.183,2.5,2.547249939,1,1,"no attempt"
"waal_0984",2013,16,8,2013-01-27 07:22:00,"BS19693_2013","Female",3.28125,62.15523188,706.9033881,11,0.375796178,0.595541401,0.02866242,0.954081633,4.12963499591004,6.56089400606399,-46.72106,-46.33164,0.389420000000001,0.71,0.001,-0.1,1.357655609,1,1,"no attempt"
"waal_1028",2011,16,128,2011-02-15 11:12:00,"BS19786_2011","Female",4.854166667,65.36411456,427.7791362,27,0.608602151,0.378494624,0.012903226,0.967032967,4.17997340083472,6.05860702547304,-46.39754,-45.81445,0.583089999999999,0.87,0.322,4.5,1.900346462,1,1,"failedrep"
"waal_1028",2013,18,74,2013-03-08 03:27:00,"BS19786_2013","Female",7.364583333,630.947947,3613.188628,22,0.388101983,0.294617564,0.317280453,0.481481481,6.44722336627003,8.19234593792213,-48.23037,-44.24387,3.9865,2.31,0.183,2.5,1.900346462,1,0,"no attempt"
"waal_1028",2015,20,155,2015-01-12 06:35:00,"BS19786_2015","Female",9.072916667,1577.962115,6878.07611,12,0.202298851,0.254022989,0.543678161,0.318443804,7.36388949287934,8.83609425664777,-47.41355,-36.39472,11.01883,1.35,-0.034,-1.4,1.900346462,1,1,"failedrep"
"waal_1034",2012,17,512,2012-02-20 00:49:00,"BS19805_2012","Female",10.125,265.4066707,3120.853666,30,0.389289392,0.472708548,0.13800206,0.774030354,5.58126325609618,8.04586185427633,-46.46212,-44.62975,1.83237,-1.53,0.002,0.8,1.490092957,1,1,"no attempt"
"waal_1042",2012,17,513,2012-01-28 02:37:00,"BS19818_2012","Female",9.114583333,1632.672389,5721.076922,24,0.227688787,0.327231121,0.445080092,0.423703704,7.39797345373782,8.65191233972961,-52.29238,-44.48311,7.80927,3.08,0.111,1.8,-1.166777798,1,0,"no attempt"
"waal_1042",2013,18,80,2013-02-26 17:17:00,"BS19818_2013","Female",11.6875,1563.959047,8453.82084,18,0.123996432,0.462979483,0.413024086,0.528513238,7.35497573597982,9.04237378856718,-48.09272,-33.72596,14.36676,2.84,0.269,-0.4,-1.166777798,1,1,"failedrep"
"waal_1053",2011,16,150,2011-02-10 04:06:00,"BS19851_2011","Female",16.11458333,689.8439466,3662.137862,61,0.476405947,0.424046542,0.099547511,0.809876543,6.53646540766447,8.20580237116702,-46.44253,-42.62614,3.81639,0.87,0.322,4.5,0.097361946,1,1,"no attempt"
"waal_1068",2012,17,515,2012-02-20 14:17:00,"BS19891_2012","Female",5.729166667,767.461149,2563.705138,22,0.375227687,0.402550091,0.222222222,0.644314869,6.64308785798467,7.84920881064743,-47.95724,-44.24412,3.71312,-1.53,0.002,0.8,-0.364946504,1,1,"no attempt"
"waal_1068",2016,21,176,2016-02-04 12:41:00,"BS19891_2016","Female",5.885416667,224.1278764,1540.71396,23,0.377659574,0.567375887,0.054964539,0.911680912,5.41221676575259,7.34000119836319,-46.87965,-45.63777,1.24187999999999,1.35,-0.03,-3.2,-0.364946504,1,1,"no attempt"
"waal_1140",2010,21,1,2010-01-15 10:48:00,"BS20068_2010","Female",10.60416667,1104.138184,3771.836201,39,0.403146509,0.352015733,0.244837758,0.589785832,7.00682038567101,8.23531721783697,-50.14067052,-45.68506058,4.45560994,-0.4,0.359,-1.8,-1.668703906,1,1,"no attempt"
"waal_1173",2020,24,495,2020-01-19 11:25:00,"BS20220_2020","Female",14.8125,1476.562067,7593.648843,46,0.240506329,0.428973277,0.330520394,0.564814815,7.29747173687344,8.93506749834781,-46.88843,-35.96476,10.92367,0.57,0.238,0.3,-1.192307956,1,1,"no attempt"
"waal_1182",2012,16,517,2012-02-20 13:45:00,"BS20259_2012","Female",7.572916667,823.3906678,3898.094183,23,0.41322314,0.263085399,0.32369146,0.448356808,6.71343077553342,8.2682430416535,-46.80324,-43.52194,3.2813,-1.53,0.002,0.8,-0.099575161,1,1,"failedrep"
"waal_1182",2018,22,400,2018-02-11 13:27:00,"BS20259_2018","Female",7.979166667,663.8210492,2911.623943,34,0.416993464,0.383006536,0.2,0.656950673,6.49801260893678,7.97646626052393,-47.02976,-43.37534,3.65442,1.02,0.295,-0.8,-0.099575161,1,1,"no attempt"
"waal_1182",2018,22,399,2018-01-31 08:42:00,"BS20259_2018","Female",6.927083333,670.8948886,3521.187005,21,0.280120482,0.38253012,0.337349398,0.531380753,6.5086124758187,8.1665534290767,-48.29865,-44.19069,4.10796000000001,2.72,-0.135,1.8,-0.099575161,1,1,"no attempt"
"waal_1222",2016,18,189,2016-01-23 08:02:00,"BS20435_2016","Female",3.895833333,731.6921636,2435.437353,9,0.257372654,0.321715818,0.420911528,0.433212996,6.59535988397887,7.79788163047685,-47.10163,-43.05075,4.05088,3.13,0.331,-3.6,-0.575915452,1,1,"no attempt"
"waal_1234",2016,18,185,2016-01-14 09:13:00,"BS20472_2016","Female",10.21875,1392.512279,5849.833857,28,0.278571429,0.339795918,0.381632653,0.471004243,7.23886478971588,8.67416853930978,-49.21236,-44.43567,4.77668999999999,3.13,0.331,-3.6,-0.482718317,1,1,"no attempt"
"waal_1244",2018,27,443,2018-02-19 09:53:00,"BS20501_2018","Female",3.15625,98.11670852,758.8425695,10,0.271523179,0.678807947,0.049668874,0.931818182,4.58615767337308,6.63179433756791,-47.00253,-46.03965,0.962879999999998,1.02,0.295,-0.8,-0.193280049,1,1,"no attempt"
"waal_1244",2018,27,444,2018-02-22 15:17:00,"BS20501_2018","Female",3.59375,140.8380807,838.0906253,21,0.369186047,0.552325581,0.078488372,0.875576037,4.94761086667341,6.73112623938427,-46.71207,-45.37831,1.33376,1.02,0.295,-0.8,-0.193280049,1,1,"no attempt"
"waal_1247",2013,15,107,2013-02-16 11:25:00,"BS20511_2013","Female",8.65625,1597.173304,5600.524678,13,0.307228916,0.246987952,0.445783133,0.356521739,7.37599066079944,8.63061556483437,-51.46497,-45.58419,5.88078,2.84,0.269,-0.4,-1.465512518,1,1,"no attempt"
"waal_1258",2011,13,190,2011-01-26 14:16:00,"BS20544_2011","Female",14.73958333,1682.950038,9095.117252,26,0.197312588,0.351485149,0.451202263,0.437885463,7.42830350747565,9.11549298278776,-46.35903,-32.05538,14.30365,0.48,0.257,3.8,-0.467418999,1,1,"no attempt"
"waal_1258",2013,15,52,2013-03-07 02:38:00,"BS20544_2013","Female",6.041666667,1082.706344,3557.238633,7,0.259067358,0.335060449,0.405872193,0.452214452,6.9872190597252,8.17673985797478,-50.47577,-40.08643,10.38934,2.31,0.183,2.5,-0.467418999,1,0,"no attempt"
"waal_1258",2014,16,122,2014-01-19 14:30:00,"BS20544_2014","Female",4.833333333,443.854761,1972.514212,10,0.390928726,0.321814255,0.287257019,0.528368794,6.09549739405362,7.58706425776378,-47.01568,-42.44839,4.56729,-0.13,-0.036,2.4,-0.467418999,1,1,"failedrep"
"waal_1260",2011,46,216,2011-02-19 04:38:00,"BS20552_2011","Female",4.270833333,207.843802,870.457738,16,0.491442543,0.4400978,0.068459658,0.865384615,5.3367868456726,6.76901920891999,-46.52061,-45.31341,1.2072,0.87,0.322,4.5,-0.585759396,1,0,"no attempt"
"waal_1260",2016,51,212,2016-02-29 01:34:00,"BS20552_2016","Female",6.385416667,817.4448671,3459.88773,18,0.287581699,0.357843137,0.354575163,0.502293578,6.7061834596409,8.14899141954844,-49.78152,-44.50195,5.27957,1.35,-0.03,-3.2,-0.585759396,1,1,"no attempt"
"waal_1260",2016,51,213,2016-03-19 07:43:00,"BS20552_2016","Female",2.989583333,1035.733728,2721.044351,4,0.115384615,0.181818182,0.702797203,0.205533597,6.94286537047929,7.90877103817265,-48.13672,-43.82524,4.31148,4.36,0.091,-0.1,-0.585759396,1,1,"no attempt"
"waal_1260",2016,51,211,2016-01-31 13:27:00,"BS20552_2016","Female",9.854166667,1600.816705,4502.830174,30,0.33015873,0.308994709,0.360846561,0.461295419,7.37826921862237,8.41246140562192,-46.65792,-38.21076,8.44716,3.13,0.331,-3.6,-0.585759396,1,1,"no attempt"
"waal_1267",2011,12,257,2011-02-15 13:37:00,"BS20567_2011","Female",4.84375,86.74667814,754.3620084,28,0.474137931,0.504310345,0.021551724,0.959016393,4.4629921257595,6.62587237002993,-47.02079,-45.89839,1.1224,0.87,0.322,4.5,-1.056315629,1,1,"no attempt"
"waal_1277",2019,20,449,2019-01-27 09:08:00,"BS20589_2019","Female",14.6875,1178.339655,5765.543874,56,0.405251952,0.388928318,0.20581973,0.653937947,7.07186165457038,8.65965476892985,-48.45473,-39.7116,8.74313,2.79,0.452,-0.1,0.293706665,1,1,"failedrep"
"waal_1291",2017,18,338,2017-02-22 09:40:00,"BS20642_2017","Female",12.09375,836.2184965,5831.806256,27,0.390517241,0.327586207,0.281896552,0.53748232,6.72888993838603,8.67108205228619,-47.67913,-40.55235,7.12678,-1.09,0.181,-0.1,-0.486739014,1,1,"no attempt"
"waal_1340",2013,14,604,2013-03-30 06:43:00,"BS21108_2013_b","Female",1.895833333,163.5790866,997.4945552,2,0.099447514,0.635359116,0.26519337,0.705521472,5.09729658347904,6.90524669030301,-47.63679,-46.31279,1.324,2.31,0.183,2.5,0.86465002,1,1,"no attempt"
"waal_1340",2013,14,603,2013-03-20 15:01:00,"BS21108_2013_b","Female",2.854166667,448.3968555,1510.753755,8,0.227106227,0.406593407,0.366300366,0.526066351,6.10567867846155,7.32036398075902,-47.00882,-44.54479,2.46403,2.31,0.183,2.5,0.86465002,1,1,"no attempt"
"waal_1340",2013,14,605,2013-04-02 14:13:00,"BS21108_2013_b","Female",2.53125,96.79367104,602.5169368,10,0.404958678,0.578512397,0.016528926,0.972222222,4.57258161032687,6.40111577584108,-46.92402,-46.43368,0.490339999999996,-0.07,-0.222,0.4,0.86465002,1,1,"no attempt"
"waal_1351",2011,NA,280,2011-02-17 05:02:00,"BS21133_2011","Female",7.25,624.9657214,1956.418308,29,0.522302158,0.313669065,0.164028777,0.656626506,6.43769680247232,7.57887068662591,-46.73834,-43.88624,2.8521,0.87,0.322,4.5,NA,NA,NA,NA
"waal_1366",2018,37,396,2018-02-24 07:29:00,"BS21148_2018","Female",6.052083333,295.9361563,1851.007681,20,0.313793103,0.587931034,0.098275862,0.85678392,5.69014374288435,7.52348546221373,-46.96087,-45.3414,1.61947,1.02,0.295,-0.8,-0.289651561,1,1,"no attempt"
"waal_1366",2018,37,395,2018-02-03 05:09:00,"BS21148_2018","Female",14.3125,2547.592947,11701.48761,29,0.167638484,0.301020408,0.531341108,0.361646235,7.84290425000539,9.36747125885731,-46.59979,-28.43238,18.16741,1.02,0.295,-0.8,-0.289651561,1,1,"no attempt"
"waal_1408",2013,13,40,2013-03-06 13:58:00,"BS21253_2013","Female",4.645833333,274.3786069,1150.507468,15,0.449438202,0.42247191,0.128089888,0.767346939,5.61450892962002,7.04795840054518,-48.23662,-46.01093,2.22569,2.31,0.183,2.5,0.695439249,1,1,"no attempt"
"waal_1410",2013,13,541,2013-02-22 13:18:00,"BS21258_2013","Female",8.572916667,1646.892788,6013.081115,21,0.200729927,0.309002433,0.49026764,0.386605784,7.40664563273401,8.70169256088705,-46.35899,-33.66333,12.69566,2.84,0.269,-0.4,-0.312418019,1,1,"no attempt"
"waal_1410",2015,15,158,2015-02-04 18:16:00,"BS21258_2015","Female",11.57291667,1920.676784,6850.259002,26,0.277477477,0.352252252,0.37027027,0.487531172,7.5604328945779,8.83204174105242,-46.48917,-31.46527,15.0239,4.92,-0.265,0.4,-0.312418019,1,1,"no attempt"
"waal_1410",2015,15,159,2015-02-22 11:55:00,"BS21258_2015","Female",8.520833333,943.08161,4542.584628,17,0.299877601,0.313341493,0.386780906,0.447552448,6.84915282183687,8.42125143036646,-47.03344,-38.76888,8.26456,4.92,-0.265,0.4,-0.312418019,1,1,"no attempt"
"waal_1412",2011,11,324,2011-02-28 07:04:00,"BS21263_2011","Female",11.83333333,1580.823479,4693.105344,39,0.449339207,0.266079295,0.284581498,0.4832,7.36570117948958,8.45384976259128,-46.60877,-32.91035,13.69842,0.87,0.322,4.5,0.409341081,1,1,"no attempt"
"waal_1412",2013,13,538,2013-02-01 10:41:00,"BS21263_2013","Female",15.125,1981.754378,9497.56239,34,0.293590627,0.260509993,0.44589938,0.368780488,7.5917377808734,9.15879045413734,-46.36008,-33.64673,12.71335,2.84,0.269,-0.4,0.409341081,1,0,"no attempt"
"waal_1420",2016,16,275,2016-02-18 14:33:00,"BS21294_2016","Female",7.739583333,948.3818986,5537.149915,13,0.132075472,0.48787062,0.380053908,0.562111801,6.85475726775858,8.61923519158738,-48.50999,-42.13073,6.37926,1.35,-0.03,-3.2,0.799418238,1,1,"no attempt"
"waal_1446",2016,19,284,2016-01-22 06:45:00,"BS21362_2016","Female",7.21875,1217.273896,4821.166473,15,0.281791908,0.24566474,0.472543353,0.342052314,7.10436912600588,8.48077118461219,-51.08055,-41.52933,9.55122,3.13,0.331,-3.6,-0.659730763,1,1,"no attempt"
"waal_1454",2015,18,151,2015-01-08 15:09:00,"BS21381_2015","Female",10.8125,2080.494869,6602.998385,25,0.225650916,0.304725169,0.469623915,0.393524284,7.64036106218588,8.79527912560875,-47.6112,-34.0797,13.5315,1.35,-0.034,-1.4,-0.940650201,1,1,"no attempt"
"waal_1480",2013,13,11,2013-03-08 14:13:00,"BS21449_2013","Female",10.02083333,617.1461667,3207.059189,31,0.437629938,0.408523909,0.153846154,0.726432532,6.4251058948768,8.07310965571243,-46.42042,-44.09748,2.32294,2.31,0.183,2.5,-1.231617331,1,1,"failedrep"
"waal_1480",2017,17,320,2017-02-16 06:52:00,"BS21449_2017","Female",5.989583333,699.7856658,2572.843123,22,0.368695652,0.349565217,0.28173913,0.553719008,6.55077409644286,7.85276683996048,-46.75657,-44.43829,2.31828,-1.09,0.181,-0.1,-1.231617331,1,1,"no attempt"
"waal_1480",2017,17,319,2017-01-30 10:27:00,"BS21449_2017","Female",13.15625,1692.853383,7495.734328,31,0.265451664,0.337559429,0.396988906,0.459546926,7.43417077649284,8.92208938145454,-46.35988,-32.2516,14.10828,-1.12,-0.02,0.3,-1.231617331,1,1,"no attempt"
"waal_1480",2017,17,321,2017-02-26 08:27:00,"BS21449_2017","Female",10.10416667,1525.904152,6264.263975,25,0.249742002,0.329205366,0.421052632,0.438789546,7.33034239991109,8.74261637838552,-46.6265,-33.89622,12.73028,-1.09,0.181,-0.1,-1.231617331,1,1,"no attempt"
"waal_1487",2012,36,522,2012-02-18 09:48:00,"BS21458_2012","Female",10.11458333,1111.58459,4311.552054,25,0.412371134,0.346391753,0.241237113,0.589473684,7.01354183487193,8.36905322361186,-46.35753,-36.35342,10.00411,-1.53,0.002,0.8,-0.677357831,1,0,"no attempt"
"waal_1489",2013,13,96,2013-03-03 11:02:00,"BS21461_2013","Female",5.010416667,464.7237082,1628.286574,16,0.364583333,0.447916667,0.1875,0.704918033,6.14144305308091,7.39528355932686,-48.24486,-44.97965,3.26521,2.31,0.183,2.5,1.474746935,1,1,"no attempt"
"waal_1520",2011,28,336,2011-02-12 13:51:00,"BS21549_2011","Female",5.53125,69.21167278,563.2284264,21,0.637735849,0.343396226,0.018867925,0.947916667,4.23716953019036,6.33368527658148,-46.4706,-45.8121,0.658499999999997,0.87,0.322,4.5,0.346577941,1,1,"no attempt"
"waal_1520",2013,30,542,2013-02-17 15:15:00,"BS21549_2013","Female",7.458333333,454.975982,2180.682924,35,0.404195804,0.467132867,0.128671329,0.784037559,6.12024463074449,7.6873933746149,-46.6995,-45.20856,1.49094,2.84,0.269,-0.4,0.346577941,1,1,"no attempt"
"waal_1520",2015,32,161,2015-01-24 21:43:00,"BS21549_2015","Female",12.60416667,1924.118169,8985.616565,18,0.203811102,0.29908865,0.497100249,0.375650364,7.56222304773879,9.10338041845485,-46.47769,-30.18963,16.28806,1.35,-0.034,-1.4,0.346577941,1,1,"no attempt"
"waal_1520",2017,34,328,2017-03-09 15:16:00,"BS21549_2017","Female",9.9375,1711.624226,8112.059293,11,0.120671563,0.302203568,0.577124869,0.343675418,7.44519803845044,9.00110703509912,-46.35895,-31.78293,14.57602,-1.56,0.457,1.5,0.346577941,1,0,"no attempt"
"waal_1541",2011,13,348,2011-01-29 13:46:00,"BS21604_2011","Female",3.822916667,136.7105364,908.2533104,16,0.49726776,0.401639344,0.101092896,0.798913043,4.91786581757017,6.81152331590612,-47.13453,-45.8447,1.28982999999999,0.48,0.257,3.8,-0.821025734,1,1,"no attempt"
"waal_1541",2013,15,64,2013-01-21 14:19:00,"BS21604_2013","Female",8.510416667,760.8380088,4459.387367,20,0.258261934,0.434516524,0.307221542,0.585808581,6.63442046897381,8.40276667391994,-48.85483,-43.55645,5.29838,0.71,0.001,-0.1,-0.821025734,1,1,"no attempt"
"waal_1541",2013,15,65,2013-02-07 04:24:00,"BS21604_2013","Female",10.3125,610.8920601,4735.274902,26,0.319514661,0.37917088,0.301314459,0.557206538,6.41492028251773,8.46279506137947,-51.7828,-41.09157,10.69123,2.84,0.269,-0.4,-0.821025734,1,1,"no attempt"
"waal_1541",2017,19,303,2017-01-22 04:50:00,"BS21604_2017","Female",22.28125,1711.944892,11499.11878,35,0.193638915,0.523386342,0.282974743,0.649071926,7.44538536693127,9.35002568358919,-46.48915,-36.24811,10.24104,-1.12,-0.02,0.3,-0.821025734,1,0,"no attempt"
"waal_1541",2018,20,441,2018-01-17 11:42:00,"BS21604_2018","Female",14.59375,552.158032,5218.175299,52,0.267142857,0.557142857,0.175714286,0.760233918,6.31383429515905,8.55990306018795,-48.18977,-44.27295,3.91682,2.72,-0.135,1.8,-0.821025734,1,1,"failedrep"
"waal_1543",2017,19,332,2017-02-15 10:02:00,"BS21607_2017","Female",4.875,209.4438345,1709.580613,15,0.263383298,0.625267666,0.111349036,0.848837209,5.34445561034006,7.44400336386109,-46.93034,-45.32222,1.60812,-1.09,0.181,-0.1,-0.482527304,1,0,"no attempt"
"waal_4620",2013,NA,77,2013-01-26 04:04:00,"BS21615_2013","Female",2.041666667,67.34487079,224.417743,13,0.617346939,0.346938776,0.035714286,0.906666667,4.20982674242098,5.41350923915023,-46.35814,-45.82763,0.53051,0.71,0.001,-0.1,0.42670471,NA,NA,NA
"waal_4620",2013,NA,618,2013-03-26 07:11:00,"BS21615_2013_b","Female",7.208333333,1594.220564,4663.328764,12,0.1447178,0.455861071,0.399421129,0.532994924,7.37414022117045,8.44748479914819,-46.35791,-32.67152,13.68639,2.31,0.183,2.5,0.42670471,NA,NA,NA
"waal_4620",2013,NA,78,2013-02-01 03:12:00,"BS21615_2013","Female",11.25,612.7106554,2481.037104,66,0.512511585,0.363299351,0.124189064,0.745247148,6.41789281047316,7.81643193883995,-46.35799,-44.36726,1.99073,2.84,0.269,-0.4,0.42670471,NA,NA,NA
"waal_4620",2013,NA,617,2013-03-20 11:52:00,"BS21615_2013_b","Female",3.84375,601.486815,2456.934352,9,0.184782609,0.39673913,0.418478261,0.486666667,6.39940461497498,7.80666965340151,-46.66985,-44.63107,2.03878,2.31,0.183,2.5,0.42670471,NA,NA,NA
"waal_4620",2013,NA,616,2013-03-13 09:20:00,"BS21615_2013_b","Female",4.864583333,764.741376,1933.281793,12,0.491416309,0.208154506,0.300429185,0.4092827,6.63953770607956,7.56697424871795,-46.80595,-39.55486,7.25109,2.31,0.183,2.5,0.42670471,NA,NA,NA
"waal_1561",2012,40,524,2012-02-29 06:05:00,"BS21644_2012","Female",7.927083333,700.3640495,3542.540738,26,0.310526316,0.389473684,0.3,0.564885496,6.55160027056779,8.172599471287,-49.31082,-44.1442,5.16662,-1.53,0.002,0.8,0.144500551,1,1,"no attempt"
"waal_1561",2017,45,326,2017-01-18 09:08:00,"BS21644_2017","Female",50.69791667,2118.491036,24443.57684,131,0.272297575,0.389847924,0.337854501,0.535724372,7.65845933876193,10.1041227544593,-46.49003,-31.118,15.37203,-1.12,-0.02,0.3,0.144500551,1,1,"no attempt"
"waal_1564",2013,16,619,2013-03-23 04:13:00,"BB21651_2013_b","Female",2.03125,90.01297179,652.3606114,2,0.304123711,0.618556701,0.077319588,0.888888889,4.49995379094439,6.48059749400086,-46.36745,-45.60826,0.759189999999997,2.31,0.183,2.5,0.724332958,1,1,"no attempt"
"waal_1564",2013,16,621,2013-03-30 06:29:00,"BB21651_2013_b","Female",1.84375,137.2134489,802.1958032,1,0.045454545,0.801136364,0.153409091,0.839285714,4.92153773454022,6.6873527217092,-47.01514,-46.10331,0.911830000000002,2.31,0.183,2.5,0.724332958,1,1,"no attempt"
"waal_1564",2013,16,620,2013-03-26 07:23:00,"BB21651_2013_b","Female",0.8125,80.85060763,341.4685945,1,0.051948052,0.792207792,0.155844156,0.835616438,4.39260310151745,5.83325571138517,-46.93255,-46.0713,0.861249999999998,2.31,0.183,2.5,0.724332958,1,1,"no attempt"
"waal_1564",2013,16,622,2013-04-02 13:40:00,"BB21651_2013_b","Female",2.53125,167.2955329,874.6278588,7,0.32231405,0.561983471,0.115702479,0.829268293,5.11976190650061,6.77379849166155,-46.95159,-46.18905,0.762540000000001,-0.07,-0.222,0.4,0.724332958,1,1,"no attempt"
"waal_1604",2013,37,12,2013-01-29 14:30:00,"BS21795_2013","Female",13.76041667,696.2286367,4308.783133,45,0.400454201,0.431491294,0.168054504,0.71969697,6.54567810739553,8.3684108075027,-47.7625,-44.39477,3.36773,0.71,0.001,-0.1,-1.350821927,1,1,"no attempt"
"waal_1607",2012,41,525,2012-02-19 14:40:00,"BS21799_2012","Female",5.53125,111.4122949,1022.578687,21,0.437735849,0.503773585,0.058490566,0.895973154,4.7132376885486,6.93008284045726,-46.35899,-45.43771,0.921279999999996,-1.53,0.002,0.8,-0.71979764,1,0,"no attempt"
"waal_1624",2010,16,552,2010-02-09 15:53:00,"BS22516_2010","Female",9.854166667,1065.321964,3645.860289,32,0.374603175,0.432804233,0.192592593,0.692047377,6.971032346071,8.20134763552471,-46.39456,-36.77221,9.62235,-2.12,0.103,-2.4,-1.400978946,1,1,"successfulrep"
"waal_1624",2010,16,553,2010-02-23 15:41:00,"BS22516_2010","Female",4.864583333,1080.991155,2761.951361,16,0.36695279,0.240343348,0.392703863,0.379661017,6.98563363536707,7.92369272374901,-46.3458,-36.64151,9.70429,-2.12,0.103,-2.4,-1.400978946,1,1,"successfulrep"
"waal_1628",2013,35,623,2013-03-19 09:46:00,"BS22521_2013_b","Female",5.8125,1351.555837,5367.068802,11,0.175942549,0.161579892,0.662477558,0.196078431,7.20901167969844,8.58803719154687,-46.69847,-35.96246,10.73601,2.31,0.183,2.5,-0.04123906,1,1,"no attempt"
"waal_1628",2013,35,625,2013-03-30 04:07:00,"BS22521_2013_b","Female",5.802083333,1603.382467,4323.387123,14,0.233393178,0.215439856,0.551166966,0.281030445,7.3798707186607,8.37179443027662,-47.41596,-37.39333,10.02263,2.31,0.183,2.5,-0.04123906,1,1,"no attempt"
"waal_1628",2013,35,104,2013-02-16 15:55:00,"BS22521_2013","Female",12.67708333,1691.529716,6679.734965,23,0.261513158,0.351973684,0.386513158,0.476614699,7.43338855590565,8.80683358984538,-46.92255,-35.1997,11.72285,2.84,0.269,-0.4,-0.04123906,1,1,"no attempt"
"waal_1628",2013,35,103,2013-01-24 07:33:00,"BS22521_2013","Female",7.989583333,135.4373717,2037.282061,32,0.2845953,0.637075718,0.078328982,0.890510949,4.90850933199571,7.61937187546759,-46.36369,-45.30182,1.06187,0.71,0.001,-0.1,-0.04123906,1,1,"no attempt"
"waal_1628",2013,35,624,2013-03-27 03:59:00,"BS22521_2013_b","Female",1.1875,171.8555503,398.6136848,1,0.265486726,0.433628319,0.300884956,0.590361446,5.14665430012664,5.98799273935193,-46.36396,-45.13235,1.23161,2.31,0.183,2.5,-0.04123906,1,1,"no attempt"
"waal_1628",2017,39,304,2017-01-31 06:22:00,"BS22521_2017","Female",17.29166667,1654.101175,9347.385993,36,0.274261603,0.30861965,0.417118746,0.425249169,7.41101304360401,9.14285201025376,-46.36337,-33.56904,12.79433,-1.12,-0.02,0.3,-0.04123906,1,1,"no attempt"
"waal_1628",2017,39,305,2017-02-23 01:01:00,"BS22521_2017","Female",7.020833333,544.7586506,2698.310062,21,0.435364042,0.349182764,0.215453195,0.618421053,6.30034285364357,7.90038095307043,-47.31546,-44.64936,2.6661,-1.09,0.181,-0.1,-0.04123906,1,1,"no attempt"
"waal_1630",2012,18,526,2012-02-21 04:41:00,"BS22526_2012","Female",6.333333333,921.8715495,3510.114131,12,0.401976936,0.248764415,0.349258649,0.415977961,6.82640589660593,8.1634038318857,-47.32305,-43.38307,3.93998000000001,-1.53,0.002,0.8,-0.483948619,1,1,"no attempt"
"waal_1630",2020,26,489,2020-02-10 13:00:00,"BS22526_2020","Female",2.677083333,151.7711467,629.9850695,14,0.45703125,0.41796875,0.125,0.769784173,5.02237377245504,6.4456961198984,-46.42838,-45.0649,1.36348,-0.36,0.134,-0.1,-0.483948619,1,1,"no attempt"
"waal_1638",2013,31,15,2013-03-21 05:58:00,"BS22538_2013","Female",1,89.3674097,342.0846728,2,0.284210526,0.515789474,0.2,0.720588235,4.49275607097415,5.83505828770597,-46.36137,-45.71508,0.64629,2.31,0.183,2.5,0.49685155,1,1,"no attempt"
"waal_1638",2013,31,14,2013-03-11 14:19:00,"BS22538_2013","Female",6.75,735.5422143,2318.063164,17,0.421296296,0.362654321,0.216049383,0.626666667,6.60060793377173,7.74848727288133,-48.7923,-46.0767,2.71559999999999,2.31,0.183,2.5,0.49685155,1,1,"no attempt"
"waal_1638",2013,31,13,2013-03-03 08:27:00,"BS22538_2013","Female",2.875,277.627469,702.8855702,4,0.716363636,0.116363636,0.167272727,0.41025641,5.62628017546636,6.55519410501965,-46.3591,-43.93143,2.42767,2.31,0.183,2.5,0.49685155,1,1,"no attempt"
"waal_1638",2016,34,175,2016-02-03 13:46:00,"BS22538_2016","Female",9.583333333,1160.264703,4149.916967,22,0.47007617,0.243743199,0.286180631,0.459958932,7.0564034503099,8.33084360507278,-47.50792,-39.98597,7.52195,1.35,-0.03,-3.2,0.49685155,1,1,"no attempt"
"waal_1638",2019,37,450,2019-02-18 10:32:00,"BS22538_2019","Female",15.89583333,2011.920863,9874.246392,42,0.239344262,0.33704918,0.423606557,0.443103448,7.60684519794112,9.19768527212303,-46.42066,-31.91569,14.50497,-1.87,0.496,-2.3,0.49685155,1,1,"successfulrep"
"waal_1677",2010,9,335,2010-01-15 12:38:00,"BS22681_2010","Female",14.04166667,1034.569079,7389.276157,27,0.261321455,0.377876763,0.360801782,0.511557789,6.94174027020998,8.90778506015982,-46.35917,-37.10697,9.2522,-0.4,0.359,-1.8,0.111791453,1,1,"no attempt"
"waal_1677",2013,12,557,2013-01-19 09:04:00,"BS22681_2013","Female",14.15625,1741.594956,8528.527821,17,0.251840943,0.275405007,0.47275405,0.368110236,7.46255661372873,9.05117203719673,-46.35941,-31.98391,14.3755,0.71,0.001,-0.1,0.111791453,1,1,"failedrep"
"waal_1684",2019,18,446,2019-01-22 05:04:00,"BS22702_2019","Female",20.15625,1825.58475,11803.80631,61,0.282833506,0.3557394,0.361427094,0.496034607,7.50965562565487,9.37617732708374,-51.04906,-33.88727,17.16179,2.79,0.452,-0.1,0.570946786,1,1,"no attempt"
"waal_1686",2013,12,551,2013-02-27 16:29:00,"BS22705_2013","Female",3.729166667,824.2178506,2749.770037,8,0.210084034,0.288515406,0.50140056,0.365248227,6.71443487676288,7.91927256425494,-48.35232,-44.44198,3.91034,2.84,0.269,-0.4,-1.204715635,1,1,"no attempt"
"waal_1689",2013,12,627,2013-03-22 03:56:00,"BS22729_2013_b","Female",3.114583333,284.1377206,1471.719531,6,0.140939597,0.620805369,0.238255034,0.72265625,5.64945905230997,7.2941867451291,-47.23186,-45.4397,1.79216,2.31,0.183,2.5,-0.46664006,1,1,"no attempt"
"waal_1689",2013,12,630,2013-04-01 07:51:00,"BS22729_2013_b","Female",1.854166667,342.3173635,893.0450438,9,0.350282486,0.288135593,0.361581921,0.443478261,5.83573827022099,6.79463702058984,-46.52765,-43.7988,2.72885,-0.07,-0.222,0.4,-0.46664006,1,1,"no attempt"
"waal_1689",2013,12,626,2013-03-17 04:42:00,"BS22729_2013_b","Female",2.34375,586.3291985,1532.569128,5,0.160714286,0.370535714,0.46875,0.441489362,6.37388140402639,7.33470077478651,-48.6164,-46.2898,2.3266,2.31,0.183,2.5,-0.46664006,1,1,"no attempt"
"waal_1689",2013,12,628,2013-03-27 04:52:00,"BS22729_2013_b","Female",2.229166667,86.74409603,337.5993809,9,0.443925234,0.53271028,0.023364486,0.957983193,4.4629623592199,5.82185992889311,-47.0534,-46.21839,0.835010000000004,2.31,0.183,2.5,-0.46664006,1,1,"no attempt"
"waal_1697",2013,12,631,2013-03-21 02:33:00,"BS22758_2013_b","Female",3.020833333,502.9074564,1907.088892,5,0.14137931,0.417241379,0.44137931,0.485943775,6.22040616987254,7.55333321804315,-50.67385,-44.50089,6.17296,2.31,0.183,2.5,-1.275400648,1,1,"no attempt"
"waal_1697",2013,12,633,2013-04-02 03:06:00,"BS22758_2013_b","Female",2.03125,134.0952267,526.8443893,5,0.340206186,0.56185567,0.097938144,0.8515625,4.89855019457581,6.26690522846809,-47.5645,-46.42975,1.13475,-0.07,-0.222,0.4,-1.275400648,1,1,"no attempt"
"waal_1697",2013,12,632,2013-03-26 11:09:00,"BS22758_2013_b","Female",3.0625,907.3771943,2106.875157,7,0.156996587,0.303754266,0.539249147,0.360323887,6.81055823389661,7.65296116050627,-46.46628,-38.58321,7.88307,2.31,0.183,2.5,-1.275400648,1,1,"no attempt"
"waal_1730",2013,12,17,2013-01-29 15:11:00,"BS22842_2013","Female",10.10416667,381.7223057,3350.074731,33,0.312693498,0.531475748,0.155830753,0.773273273,5.94469339582212,8.11673793233149,-46.95678,-44.09871,2.85807,0.71,0.001,-0.1,0.415275086,1,1,"no attempt"
"waal_1738",2013,36,554,2013-03-01 04:57:00,"BS22864_2013","Female",9.052083333,1470.047794,4819.09697,20,0.294930876,0.32718894,0.377880184,0.464052288,7.29305019216942,8.48034183886992,-46.35915,-34.1971,12.16205,2.31,0.183,2.5,0.124482864,1,1,"failedrep"
"waal_1738",2019,42,472,2019-02-22 15:57:00,"BS22864_2019","Female",6.927083333,484.9745303,2489.828275,19,0.337349398,0.493975904,0.168674699,0.745454545,6.18409637471317,7.81996902121704,-47.72522,-45.69613,2.02909,-1.87,0.496,-2.3,0.124482864,1,1,"failedrep"
"waal_1741",2013,25,106,2013-02-25 04:39:00,"BS22868_2013","Female",6.104166667,1934.270649,5165.713511,7,0.126495726,0.225641026,0.647863248,0.258317025,7.56748560882818,8.54979851547844,-60.20507,-45.97104,14.23403,2.84,0.269,-0.4,1.099600931,1,1,"no attempt"
"waal_1752",2010,15,504,2010-02-08 11:42:00,"BS22885_2010","Female",11.79166667,351.3542169,2824.638777,43,0.447391689,0.481874447,0.070733864,0.872,5.8617948795585,7.94613576885624,-47.24804,-45.11386,2.13418,-2.12,0.103,-2.4,-2.108220953,1,0,"no attempt"
"waal_1760",2013,30,56,2013-03-03 20:01:00,"BS22899_2013","Female",9.770833333,1918.118472,7223.453531,12,0.127001067,0.308431163,0.564567769,0.353300733,7.55910002204465,8.88508844591767,-46.35737,-33.56707,12.7903,2.31,0.183,2.5,-0.991424929,1,1,"no attempt"
"waal_1760",2016,33,231,2016-03-06 09:55:00,"BS22899_2016","Female",8.291666667,1793.663246,6220.314739,12,0.161006289,0.299371069,0.539622642,0.356821589,7.49201531373902,8.73557578557843,-48.44102,-32.16507,16.27595,4.36,0.091,-0.1,-0.991424929,1,1,"failedrep"
"waal_1760",2016,33,229,2016-01-25 23:42:00,"BS22899_2016","Female",6.34375,1524.579862,4619.21164,14,0.246710526,0.300986842,0.452302632,0.399563319,7.32947415075646,8.43797932882237,-47.48641,-33.436,14.05041,3.13,0.331,-3.6,-0.991424929,1,1,"failedrep"
"waal_1760",2016,33,228,2016-01-17 05:01:00,"BS22899_2016","Female",4.479166667,668.5138246,2062.680444,11,0.372960373,0.303030303,0.324009324,0.483271375,6.50505707635809,7.63176160238198,-47.54186,-43.3983,4.14356,3.13,0.331,-3.6,-0.991424929,1,1,"failedrep"
"waal_1760",2016,33,233,2016-03-21 17:51:00,"BS22899_2016","Female",0.645833333,97.83482348,428.1714217,1,0.081967213,0.590163934,0.327868852,0.642857143,4.58328058196616,6.05952363338653,-46.58449,-45.62332,0.961170000000003,4.36,0.091,-0.1,-0.991424929,1,1,"failedrep"
"waal_1760",2016,33,230,2016-02-12 20:26:00,"BS22899_2016","Female",9.78125,1058.951575,5691.070872,26,0.291799787,0.33972311,0.368477103,0.479699248,6.96503461745485,8.64665371187297,-47.01365,-38.73828,8.27537,1.35,-0.03,-3.2,-0.991424929,1,1,"failedrep"
"waal_1762",2013,34,48,2013-03-08 13:44:00,"BS22903_2013","Female",4.739583333,617.173111,1772.426695,16,0.400881057,0.363436123,0.235682819,0.606617647,6.42514955343499,7.48010490071044,-47.37136,-44.00614,3.36522,2.31,0.183,2.5,2.389485759,1,1,"no attempt"
"waal_1766",2011,9,403,2011-02-15 10:18:00,"BS22918_2011","Female",8.052083333,971.912866,3002.931535,25,0.56865285,0.169689119,0.261658031,0.393393393,6.87926615640925,8.00734426885563,-47.7845,-42.24478,5.53972,0.87,0.322,4.5,-1.388093462,1,1,"failedrep"
"waal_1766",2017,15,307,2017-02-21 12:49:00,"BS22918_2017","Female",6.791666667,160.2427922,1136.789527,25,0.559139785,0.382488479,0.058371736,0.867595819,5.07669011631808,7.03596336403813,-47.03984,-45.3128,1.72704,-1.09,0.181,-0.1,-1.388093462,1,1,"failedrep"
"waal_1766",2017,15,306,2017-01-22 03:34:00,"BS22918_2017","Female",22,1709.416964,10234.59621,61,0.239223117,0.471340597,0.289436286,0.619551681,7.4439076346326,9.23352904543634,-55.60423,-44.01306,11.59117,-1.12,-0.02,0.3,-1.388093462,1,1,"failedrep"
"waal_1775",2020,18,490,2020-02-10 08:55:00,"BS22950_2020","Female",14.09375,1419.893419,7022.343541,32,0.208579882,0.544378698,0.24704142,0.687850467,7.25833709073613,8.85685227905772,-47.5249,-34.99072,12.53418,-0.36,0.134,-0.1,-0.217142908,1,1,"no attempt"
"waal_1780",2013,31,91,2013-02-05 11:14:00,"BS22962_2013","Female",6.854166667,284.4212277,1721.719819,20,0.458143075,0.415525114,0.126331811,0.766853933,5.650456335439,7.45107896501315,-46.80152,-44.56037,2.24115,2.84,0.269,-0.4,2.652129637,1,1,"no attempt"
"waal_1780",2013,31,88,2013-01-22 14:11:00,"BS22962_2013","Female",2.71875,164.1011324,895.816608,9,0.296153846,0.538461538,0.165384615,0.765027322,5.10048289874256,6.79773571345398,-46.89327,-46.03303,0.860240000000005,0.71,0.001,-0.1,2.652129637,1,1,"no attempt"
"waal_1780",2013,31,89,2013-01-29 05:02:00,"BS22962_2013","Female",2.364583333,137.2708743,538.1020993,12,0.35840708,0.557522124,0.084070796,0.868965517,4.92195615844267,6.28804831780722,-46.86396,-46.17173,0.692230000000002,0.71,0.001,-0.1,2.652129637,1,1,"no attempt"
"waal_1780",2013,31,90,2013-01-31 22:35:00,"BS22962_2013","Female",2.583333333,141.4008084,912.7257177,7,0.311740891,0.477732794,0.210526316,0.694117647,4.9515984705607,6.81643541673076,-46.88178,-45.52074,1.36104,0.71,0.001,-0.1,2.652129637,1,1,"no attempt"
"waal_1786",2019,NA,453,2019-01-25 10:54:00,"BS22974_2019","Female",17.77083333,1174.480135,8173.781051,46,0.319061584,0.431085044,0.249853372,0.633074935,7.06858089037568,9.0086868777366,-46.35689,-35.79136,10.56553,2.79,0.452,-0.1,-1.031911186,NA,NA,NA
"waal_1788",2019,NA,452,2019-01-20 14:52:00,"BS22977_2019","Female",15.73958333,1833.838994,9655.166846,38,0.238410596,0.326490066,0.435099338,0.428695652,7.5141668594316,9.17524847550046,-51.6954,-34.37049,17.32491,2.79,0.452,-0.1,1.969187309,NA,NA,NA
"waal_1797",2016,14,277,2016-01-28 14:41:00,"BS23018_2016","Female",10.85416667,647.3016275,4075.705353,31,0.312859885,0.458733205,0.22840691,0.667597765,6.47281237983843,8.31279910345688,-47.49158,-44.08501,3.40657,3.13,0.331,-3.6,NA,1,0,"no attempt"
"waal_1814",2013,11,636,2013-03-31 03:02:00,"BS23092_2013_b","Female",1.3125,37.87038057,396.4898537,2,0.047619048,0.944444444,0.007936508,0.991666667,3.63416929124267,5.98265045108796,-46.55932,-46.37911,0.180210000000002,2.31,0.183,2.5,-0.969047002,1,1,"no attempt"
"waal_1814",2013,11,635,2013-03-23 04:42:00,"BS23092_2013_b","Female",2.229166667,43.79896225,360.6456095,6,NA,NA,NA,NA,3.77961012417934,5.88789578502281,-46.57459,-46.35332,0.221270000000004,2.31,0.183,2.5,-0.969047002,1,1,"no attempt"
"waal_1814",2013,11,634,2013-03-16 07:58:00,"BS23092_2013_b","Female",3.0625,85.94745669,1042.351322,5,0.395904437,0.505119454,0.098976109,0.836158192,4.45373614081513,6.94923432671564,-46.95242,-46.42395,0.528469999999999,2.31,0.183,2.5,-0.969047002,1,1,"no attempt"
"waal_1872",2013,33,20,2013-02-18 07:36:00,"BS23231_2013","Female",7.822916667,490.4178266,1902.542022,33,0.486666667,0.421333333,0.092,0.820779221,6.19525773510324,7.55094617727115,-46.92246,-45.0728,1.84966,2.84,0.269,-0.4,0.583273056,1,1,"failedrep"
"waal_1883",2013,28,637,2013-03-20 14:45:00,"BS23244_2013_b","Female",3.75,602.3054372,1872.528463,7,0.278551532,0.328690808,0.39275766,0.455598456,6.40076468740391,7.53504491580989,-46.35666,-43.98464,2.37202,2.31,0.183,2.5,2.376381453,1,1,"no attempt"
"waal_1883",2013,28,640,2013-04-05 04:15:00,"BS23244_2013_b","Female",4.375,592.3141719,1719.398866,12,0.501193317,0.205250597,0.293556086,0.411483254,6.38403718989183,7.44973001220773,-46.35717,-42.34321,4.01396,-0.07,-0.222,0.4,2.376381453,1,1,"no attempt"
"waal_1883",2013,28,638,2013-03-26 05:15:00,"BS23244_2013_b","Female",5.09375,2257.855467,5685.376152,2,0.038934426,0.163934426,0.797131148,0.170575693,7.72217073336066,8.64565256969499,-46.35713,-33.66027,12.69686,2.31,0.183,2.5,2.376381453,1,1,"no attempt"
"waal_1883",2013,28,641,2013-04-11 10:35:00,"BS23244_2013_b","Female",0.989583333,59.90590094,278.8634949,3,0.244680851,0.627659574,0.127659574,0.830985915,4.09277501345795,5.6307223965005,-46.43049,-45.83273,0.597760000000001,-0.07,-0.222,0.4,2.376381453,1,1,"no attempt"
"waal_1883",2013,28,639,2013-04-02 03:49:00,"BS23244_2013_b","Female",1.34375,79.5747983,456.9051803,3,0.240310078,0.674418605,0.085271318,0.887755102,4.37669743844927,6.12447588643448,-46.61026,-46.06873,0.541529999999995,-0.07,-0.222,0.4,2.376381453,1,1,"no attempt"
"waal_1883",2018,33,401,2018-02-04 00:42:00,"BS23244_2018","Female",8.229166667,1579.34342,4092.317667,19,0.240506329,0.335443038,0.424050633,0.441666667,7.36476448269126,8.31686675529004,-46.85183,-39.19971,7.65212,1.02,0.295,-0.8,2.376381453,1,0,"no attempt"
"waal_1883",2018,33,402,2018-02-18 01:53:00,"BS23244_2018","Female",6.145833333,834.9650551,2460.513223,17,0.368421053,0.34295416,0.288624788,0.543010753,6.72738987379547,7.80812523440255,-46.36159,-42.48923,3.87236,1.02,0.295,-0.8,2.376381453,1,0,"no attempt"
"waal_1886",2017,36,293,2017-01-26 13:27:00,"BS23248_2017","Female",10.67708333,1318.406386,4388.110587,37,0.443359375,0.293945313,0.262695313,0.528070175,7.18417900289348,8.38665402321976,-46.361,-36.73656,9.62444,-1.12,-0.02,0.3,-0.533347476,1,0,"no attempt"
"waal_4621",2011,NA,438,2011-01-29 14:05:00,"BS23350_2011","Female",10.8125,666.4741269,3744.259309,35,0.37608486,0.450337512,0.173577628,0.72179289,6.50200131951043,8.22797909508161,-46.84683,-43.09239,3.75444,0.48,0.257,3.8,NA,NA,NA,NA
"waal_1892",2013,33,93,2013-02-18 10:16:00,"BS23557_2013","Female",7.15625,607.9784755,2552.740841,24,0.39270073,0.389781022,0.217518248,0.641826923,6.41013947920134,7.8449229005338,-46.61892,-44.36731,2.25161,2.84,0.269,-0.4,2.150620174,1,1,"no attempt"
"waal_1894",2017,32,329,2017-03-04 05:42:00,"BS23559_2017","Female",9.291666667,1653.168448,7437.196008,9,0.096737908,0.341957255,0.561304837,0.378580324,7.41044899704533,8.91424917614462,-47.44597,-33.46819,13.97778,-1.56,0.457,1.5,-1.262332912,1,1,"failedrep"
"waal_1916",2016,13,183,2016-01-13 12:42:00,"BS23591_2016","Female",4.854166667,753.6792438,2759.169696,11,0.240860215,0.395698925,0.36344086,0.521246459,6.62496687139631,7.92268507866873,-47.34611,-45.51519,1.83092000000001,3.13,0.331,-3.6,-0.062363731,1,1,"no attempt"
"waal_1916",2018,15,440,2018-02-19 08:19:00,"BS23591_2018","Female",16.07291667,1934.85213,8972.93508,33,0.262645914,0.375486381,0.361867704,0.509234828,7.56778618393918,9.10196811223344,-47.5843,-29.88049,17.70381,1.02,0.295,-0.8,-0.062363731,1,1,"no attempt"
"waal_1926",2018,36,411,2018-02-14 17:01:00,"BS23611_2018","Female",24.67708333,1288.913626,14160.0295,57,0.307010135,0.323057432,0.369932432,0.466179159,7.16155499216027,9.55817845057887,-50.24355,-35.57667,14.66688,1.02,0.295,-0.8,0.969754616,1,1,"no attempt"
"waal_1968",2013,10,645,2013-04-05 04:28:00,"BS23683_2013_b","Female",3.927083333,223.3394316,1134.716174,18,0.374005305,0.480106101,0.145888594,0.766949153,5.40869272901575,7.03413783168319,-47.04939,-46.36989,0.679500000000004,-0.07,-0.222,0.4,1.035753816,1,1,"failedrep"
"waal_1968",2013,10,642,2013-03-21 13:03:00,"BS23683_2013_b","Female",3.59375,915.3034971,2594.784326,8,0.235465116,0.180232558,0.584302326,0.235741445,6.81925570109795,7.86125868077803,-48.29669,-44.18018,4.11651,2.31,0.183,2.5,1.035753816,1,1,"failedrep"
"waal_1968",2013,10,643,2013-03-26 12:32:00,"BS23683_2013_b","Female",2.572916667,328.3483536,1077.221565,4,0.219512195,0.479674797,0.300813008,0.614583333,5.79407509846269,6.98214038023204,-46.98225,-44.40546,2.57679,2.31,0.183,2.5,1.035753816,1,1,"failedrep"
"waal_1968",2013,10,644,2013-03-31 09:06:00,"BS23683_2013_b","Female",1.822916667,152.3205951,569.9630064,4,0.212643678,0.66091954,0.126436782,0.839416058,5.02598747794194,6.3455714576698,-47.04361,-46.43132,0.612290000000002,2.31,0.183,2.5,1.035753816,1,1,"failedrep"
"waal_1993",2013,10,646,2013-04-03 10:05:00,"BS23743_2013_b","Female",3.802083333,818.7346018,2347.239979,19,0.325966851,0.198895028,0.475138122,0.295081967,6.70775997981078,7.76099543987829,-47.47855,-40.25826,7.22029,-0.07,-0.222,0.4,-1.606191902,1,1,"no attempt"
"waal_2019",2016,13,191,2016-01-17 16:15:00,"BS25139_2016","Female",3.59375,368.3615965,1648.524275,10,0.25872093,0.479651163,0.261627907,0.647058824,5.90906505491914,7.4076357879114,-48.70189,-45.45314,3.24875,3.13,0.331,-3.6,1.523161756,1,1,"no attempt"
"waal_2023",2018,15,355,2018-02-02 07:11:00,"BS25145_2018","Female",12.03125,1045.367918,5993.223806,37,0.294627383,0.413344887,0.29202773,0.585995086,6.95212417707633,8.69838474432956,-47.53668,-40.92645,6.61022999999999,1.02,0.295,-0.8,0.858314079,1,1,"no attempt"
"waal_2031",2019,16,456,2019-01-28 11:38:00,"BS25166_2019","Female",0.125,8.484204459,23.73954025,1,0.727272727,0.181818182,0.090909091,0.666666667,2.13820613577556,3.16714202294513,-46.34475,-46.30869,0.0360599999999991,2.79,0.452,-0.1,0.161232647,1,1,"no attempt"
"waal_2031",2019,16,455,2019-01-22 16:30:00,"BS25166_2019","Female",5.541666667,706.5046366,1914.972163,19,0.389097744,0.402255639,0.208646617,0.658461538,6.56032976487729,7.55745836521667,-50.02531,-46.29901,3.72629999999999,2.79,0.452,-0.1,0.161232647,1,1,"no attempt"
"waal_2035",2018,15,390,2018-02-16 09:06:00,"BS25176_2018","Female",9.84375,239.8388773,2261.603955,41,0.396186441,0.529661017,0.074152542,0.877192982,5.47996735330597,7.72382955513979,-46.99114,-45.31294,1.6782,1.02,0.295,-0.8,1.787723181,1,1,"no attempt"
"waal_2040",2017,14,341,2017-02-18 14:15:00,"BS25191_2017","Female",11.78125,2314.402897,7310.299796,20,0.222123894,0.357522124,0.420353982,0.459613197,7.74690700538945,8.89703956366757,-50.80165,-36.75254,14.04911,-1.09,0.181,-0.1,-2.625577344,1,1,"successfulrep"
"waal_2040",2019,16,467,2019-01-23 07:42:00,"BS25191_2019","Female",5.291666667,960.3030602,2524.32633,23,0.311637081,0.374753452,0.313609467,0.544412607,6.86724892235133,7.83372950611201,-53.21387,-46.20965,7.00422,2.79,0.452,-0.1,-2.625577344,1,1,"no attempt"
"waal_2054",2013,27,81,2013-02-21 07:22:00,"BS25209_2013","Female",6.947916667,1349.596165,5367.065007,7,0.093093093,0.378378378,0.528528529,0.417218543,7.20756068964503,8.58803648445675,-47.44969,-38.46657,8.98312,2.84,0.269,-0.4,-1.43908487,1,0,"no attempt"
"waal_2054",2014,28,709,2014-04-10 15:51:00,"BS25209_2014_b","Female",4.239583333,848.1687486,2291.762854,7,0.263546798,0.310344828,0.426108374,0.421404682,6.74307961198539,7.73707660564038,-47.1599,-39.25114,7.90876,1.18,0.017,1.3,-1.43908487,1,1,"failedrep"
"waal_4622",2013,NA,655,2013-03-28 08:39:00,"BS25213_2013_b","Female",1.614583333,189.7143236,508.5177373,5,0.396103896,0.376623377,0.227272727,0.623655914,5.24551938067984,6.23150009649285,-46.35921,-44.72574,1.63347,2.31,0.183,2.5,-0.991225534,NA,NA,NA
"waal_4622",2013,NA,653,2013-03-19 04:04:00,"BS25213_2013_b","Female",2.96875,196.5977849,970.0288072,4,0.426056338,0.408450704,0.165492958,0.711656442,5.28115994060992,6.87732576920078,-46.35918,-44.89723,1.46195,2.31,0.183,2.5,-0.991225534,NA,NA,NA
"waal_4622",2013,NA,654,2013-03-23 13:44:00,"BS25213_2013_b","Female",1.802083333,185.6243873,652.2982587,4,0.470930233,0.244186047,0.284883721,0.461538462,5.22372520881078,6.48050190932125,-46.35923,-45.62372,0.735509999999998,2.31,0.183,2.5,-0.991225534,NA,NA,NA
"waal_4622",2013,NA,656,2013-04-05 02:46:00,"BS25213_2013_b","Female",2.458333333,752.5676998,1671.782743,5,0.2,0.30212766,0.49787234,0.377659574,6.62349095908792,7.42164584680479,-46.35918,-39.88571,6.47347,-0.07,-0.222,0.4,-0.991225534,NA,NA,NA
"waal_4622",2017,NA,313,2017-02-20 10:32:00,"BS25213_2017","Female",11.10416667,1483.713298,4617.12766,22,0.353051643,0.344600939,0.302347418,0.532656023,7.3023032096449,8.43752807211391,-46.35918,-34.21879,12.14039,-1.09,0.181,-0.1,-0.991225534,NA,NA,NA
"waal_4622",2017,NA,312,2017-01-20 10:46:00,"BS25213_2017","Female",24.54166667,1057.943858,6702.508593,59,0.368577495,0.524416136,0.107006369,0.830531271,6.96408254673807,8.81023715216823,-47.30829,-37.12502,10.18327,-1.12,-0.02,0.3,-0.991225534,NA,NA,NA
"waal_2079",2013,31,111,2013-04-02 03:04:00,"BS25236_2013","Female",2.302083333,93.33303169,484.5350614,8,0.411764706,0.511312217,0.076923077,0.869230769,4.53617408260306,6.18318979486319,-47.09325,-46.42908,0.664169999999999,-0.07,-0.222,0.4,1.745059364,1,1,"no attempt"
"waal_2079",2013,31,110,2013-03-25 09:36:00,"BS25236_2013","Female",5.65625,739.1978896,2599.673441,21,0.35359116,0.298342541,0.348066298,0.461538462,6.60556566534504,7.8631411165059,-47.79373,-45.11533,2.6784,2.31,0.183,2.5,1.745059364,1,1,"no attempt"
"waal_2096",2013,10,21,2013-01-25 02:59:00,"BS25263_2013","Female",8.177083333,1383.943944,4229.742808,32,0.14522293,0.501910828,0.352866242,0.587183308,7.23269263246718,8.34989646830056,-48.18025,-45.07637,3.10388,0.71,0.001,-0.1,-0.541648597,1,1,"no attempt"
"waal_2149",2014,33,124,2014-02-02 04:40:00,"BS25330_2014","Female",5.15625,208.4804047,1123.131192,17,0.538461538,0.358299595,0.103238866,0.776315789,5.33984505456805,7.02387577071127,-46.70551,-45.32276,1.38274999999999,0.36,-0.009,0.1,-1.372801514,0,NA,"failedrep"
"waal_2149",2015,34,153,2015-01-28 10:44:00,"BS25330_2015","Female",10.21875,1842.232317,5849.721989,29,0.233673469,0.348979592,0.417346939,0.45539281,7.51873333101236,8.67414941584877,-46.85996,-32.66634,14.19362,1.35,-0.034,-1.4,-1.372801514,1,1,"no attempt"
"waal_2149",2015,34,152,2015-01-16 18:57:00,"BS25330_2015","Female",3.989583333,1051.059663,2759.97096,9,0.314136126,0.222513089,0.463350785,0.324427481,6.95755413710587,7.92297543691671,-48.05061,-44.24009,3.81052,1.35,-0.034,-1.4,-1.372801514,1,1,"no attempt"
"waal_2149",2017,36,331,2017-02-17 10:01:00,"BS25330_2017","Female",11.85416667,1567.247665,6739.874274,33,0.248681898,0.403339192,0.34797891,0.536842105,7.35707628028218,8.81579655002317,-48.64616,-33.20238,15.44378,-1.09,0.181,-0.1,-1.372801514,1,0,"no attempt"
"waal_2162",2013,30,23,2013-03-03 12:36:00,"BS25344_2013","Female",19.60416667,1651.29858,12620.79124,26,0.215196599,0.361317747,0.423485654,0.460392688,7.40931727554003,9.44310083143567,-55.79052,-36.6224,19.16812,2.31,0.183,2.5,-0.29798371,1,1,"no attempt"
"waal_2166",2017,NA,342,2017-02-08 08:05:00,"BS25350_2017","Female",2.989583333,210.0156074,1537.190674,7,0.297202797,0.482517483,0.22027972,0.686567164,5.34718184890818,7.33771179179745,-46.96724,-44.93884,2.0284,-1.09,0.181,-0.1,1.248963166,NA,NA,NA
"waal_2166",2019,NA,447,2019-02-19 05:37:00,"BS25350_2019","Female",5.0625,218.6122926,1545.727684,23,0.183505155,0.769072165,0.04742268,0.941919192,5.38729980746424,7.34325007132977,-46.35439,-45.19987,1.15452000000001,-1.87,0.496,-2.3,1.248963166,NA,NA,NA
"waal_2166",2019,NA,448,2019-03-01 07:16:00,"BS25350_2019","Female",2.96875,175.5282408,989.1892651,14,0.267605634,0.61971831,0.112676056,0.846153846,5.16779994619961,6.89688568348567,-46.89295,-45.31349,1.57946,1.47,0.325,-0.5,1.248963166,NA,NA,NA
"waal_2177",2016,10,274,2016-01-27 00:02:00,"BS25370_2016","Female",17.54166667,1751.272831,9913.168494,41,0.270350564,0.303030303,0.426619133,0.415309446,7.46809813453983,9.20161930316475,-46.36135,-34.59691,11.76444,3.13,0.331,-3.6,-1.046891163,1,1,"no attempt"
"waal_2179",2013,35,24,2013-02-07 13:55:00,"BS25373_2013","Female",15.48958333,1394.846273,6717.281956,35,0.382907133,0.290713324,0.326379542,0.471101418,7.24053948961685,8.81243888086347,-46.59074,-36.40642,10.18432,2.84,0.269,-0.4,0.689269443,1,1,"failedrep"
"waal_2179",2018,40,414,2018-02-19 14:54:00,"BS25373_2018","Female",16.71875,1735.696498,7241.943761,38,0.371571072,0.343516209,0.284912718,0.546626984,7.45916405159503,8.88764492462297,-46.95055,-32.07247,14.87808,1.02,0.295,-0.8,0.689269443,1,1,"no attempt"
"waal_2184",2018,30,357,2018-03-22 07:56:00,"BS25380_2018","Female",4.135416667,532.9985127,1981.653021,7,0.343434343,0.388888889,0.267676768,0.592307692,6.27851863373043,7.59168663447848,-46.75007,-41.57639,5.17368,-0.03,-0.02,2.4,-1.170069559,1,1,"no attempt"
"waal_2184",2018,30,356,2018-03-17 04:24:00,"BS25380_2018","Female",3,715.0907765,1983.234421,7,0.149825784,0.37630662,0.473867596,0.442622951,6.57240949477511,7.59248433686322,-47.05552,-41.60374,5.45178,-0.03,-0.02,2.4,-1.170069559,1,1,"no attempt"
"waal_2204",2016,27,187,2016-01-16 07:47:00,"BS25403_2016","Female",7.770833333,1525.94189,4014.269587,29,0.289932886,0.370469799,0.339597315,0.52173913,7.33036713117177,8.29761068878514,-46.50966,-33.60734,12.90232,3.13,0.331,-3.6,2.463411372,1,1,"no attempt"
"waal_2204",2018,29,432,2018-01-17 16:24:00,"BS25403_2018","Female",8.875,963.3009179,3789.898239,28,0.291421857,0.477085781,0.231492362,0.673300166,6.87036584263347,8.24009444784793,-53.64471,-45.30811,8.3366,2.72,-0.135,1.8,2.463411372,1,1,"failedrep"
"waal_2205",2017,31,346,2017-01-20 11:29:00,"BS25404_2017","Female",12.15625,1493.10067,4482.971244,33,0.568610635,0.234133791,0.197255575,0.542743539,7.30861022326335,8.40804132968026,-46.88184,-41.69519,5.18665,-1.12,-0.02,0.3,-0.981105273,1,1,"no attempt"
"waal_2210",2012,41,531,2012-03-17 06:45:00,"BS25409_2012","Female",9.010416667,2056.715158,5838.697279,16,0.366473988,0.186127168,0.447398844,0.29379562,7.62886540558709,8.67226298227437,-48.07323,-32.60255,15.47068,0.48,0.126,1.2,-0.769632625,1,1,"no attempt"
"waal_2210",2014,43,125,2014-02-02 08:52:00,"BS25409_2014","Female",25.05208333,1684.629359,14941.31454,57,0.355389097,0.22014149,0.424469413,0.341510652,7.42930085360545,9.6118854427679,-49.85843,-32.98182,16.87661,0.36,-0.009,0.1,-0.769632625,1,1,"no attempt"
"waal_2212",2017,37,311,2017-02-14 04:29:00,"BS25411_2017","Female",13.86458333,1958.257399,8760.825433,32,0.312030075,0.259398496,0.428571429,0.37704918,7.57981027461376,9.07804540700272,-48.0155,-34.17832,13.83718,-1.09,0.181,-0.1,0.239723438,1,1,"no attempt"
"waal_2212",2017,37,310,2017-01-24 16:48:00,"BS25411_2017","Female",9.854166667,1361.614006,3783.021428,30,0.470899471,0.281481481,0.247619048,0.532,7.21642604419394,8.23827828890459,-47.356,-43.28328,4.07272,-1.12,-0.02,0.3,0.239723438,1,1,"no attempt"
"waal_2213",2017,30,295,2017-01-28 10:06:00,"BS25412_2017","Female",13.67708333,2767.13557,8179.592993,21,0.120426829,0.493140244,0.386432927,0.560658579,7.92556797388847,9.00939767200194,-46.36388,-31.87857,14.48531,-1.12,-0.02,0.3,2.159008969,1,1,"no attempt"
"waal_2214",2013,35,50,2013-03-02 06:26:00,"BS25413_2013","Female",13.125,1034.411972,6218.513868,24,0.138314785,0.60254372,0.259141494,0.699261993,6.94158840124991,8.73528622921111,-46.3894,-37.16143,9.22797,2.31,0.183,2.5,-0.843999283,1,1,"no attempt"
"waal_2217",2011,30,451,2011-02-10 08:42:00,"BS25416_2011","Female",4.697916667,84.9939395,454.1549483,21,0.642222222,0.342222222,0.015555556,0.956521739,4.44257995394835,6.11843843562816,-46.35761,-45.64931,0.708300000000001,0.87,0.322,4.5,-1.983177154,1,1,"no attempt"
"waal_2223",2013,28,558,2013-02-23 03:41:00,"BS25422_2013","Female",11,1315.262171,6422.796689,31,0.327962085,0.285308057,0.386729858,0.424541608,7.18179129432214,8.76760892316814,-46.35909,-38.74677,7.61232,2.84,0.269,-0.4,0.259881589,1,1,"no attempt"
"waal_2223",2017,32,337,2017-02-10 15:57:00,"BS25422_2017","Female",10.75,242.2777853,4772.194209,33,0.261881668,0.602327837,0.135790495,0.816031537,5.49008494099453,8.47056148000075,-46.97962,-45.35719,1.62242999999999,-1.09,0.181,-0.1,0.259881589,1,1,"no attempt"
"waal_2256",2012,8,532,2012-01-25 12:38:00,"BS25492_2012","Female",11.83333333,1861.120894,6980.124546,22,0.208810573,0.413215859,0.377973568,0.522271715,7.52893421638079,8.8508220388637,-47.96347,-42.69918,5.26429,3.08,0.111,1.8,1.464076082,1,1,"no attempt"
"waal_2266",2013,9,97,2013-02-27 13:48:00,"BS25527_2013","Female",14.52083333,2734.61078,10592.24818,20,0.093323762,0.342426418,0.564249821,0.377672209,7.91374439394284,9.26787770879353,-48.69928,-33.68887,15.01041,2.84,0.269,-0.4,1.494364744,1,1,"no attempt"
"waal_2279",2016,12,283,2016-01-29 13:23:00,"BS25566_2016","Female",3.8125,158.8257748,1629.23149,9,0.120218579,0.647540984,0.232240437,0.736024845,5.0678078454659,7.39586370409225,-47.0027,-45.29432,1.70838,3.13,0.331,-3.6,-1.235035563,1,1,"no attempt"
"waal_2279",2018,14,361,2018-02-24 12:39:00,"BS25566_2018","Female",10.5625,762.0918649,5546.43462,32,0.192497532,0.50148075,0.306021718,0.621026895,6.63606710603171,8.62091058949543,-47.11649,-43.81583,3.30066,1.02,0.295,-0.8,-1.235035563,1,1,"no attempt"
"waal_2286",2013,9,559,2013-02-24 13:23:00,"BS25573_2013","Female",11.59375,1822.437606,7863.888183,18,0.157374101,0.314748201,0.527877698,0.373532551,7.50793022790582,8.97003644288054,-47.0049,-30.87125,16.13365,2.84,0.269,-0.4,-1.6419318,1,1,"failedrep"
"waal_2286",2013,9,561,2013-03-14 03:43:00,"BS25573_2013","Female",1.291666667,76.76910397,358.2869198,3,0.580645161,0.266129032,0.153225806,0.634615385,4.34080226715518,5.88133411736488,-46.90896,-45.67562,1.23334,2.31,0.183,2.5,-1.6419318,1,1,"failedrep"
"waal_2286",2013,9,560,2013-03-11 06:34:00,"BS25573_2013","Female",2.083333333,198.7948548,870.8888319,7,0.341708543,0.346733668,0.311557789,0.526717557,5.29227341259982,6.76951433598574,-46.60457,-44.57164,2.03293,2.31,0.183,2.5,-1.6419318,1,1,"failedrep"
"waal_2289",2013,9,29,2013-03-08 06:34:00,"BS25579_2013","Female",12.90625,1313.455483,8144.541355,26,0.235864297,0.30371567,0.460420032,0.397463002,7.18041671665936,9.00510320944454,-51.0167,-42.76661,8.25009,2.31,0.183,2.5,2.155716386,1,1,"no attempt"
"waal_2289",2013,9,30,2013-03-24 06:40:00,"BS25579_2013","Female",2.114583333,571.2596115,1826.357215,3,0.064356436,0.232673267,0.702970297,0.248677249,6.3478437674498,7.51007866907611,-46.74608,-44.04234,2.70374,2.31,0.183,2.5,2.155716386,1,1,"no attempt"
"waal_2289",2017,NA,343,2017-02-16 11:45:00,"BS25579_2017","Female",5.625,273.4603246,1425.709407,20,0.547309833,0.326530612,0.126159555,0.721311475,5.61115654589113,7.26242479830045,-46.7142,-45.16705,1.54714999999999,-1.09,0.181,-0.1,2.155716386,NA,NA,NA
"waal_2289",2019,NA,479,2019-01-19 08:52:00,"BS25579_2019","Female",11.8125,734.2064767,5516.366538,40,0.279788173,0.454545455,0.265666372,0.631127451,6.59879029246213,8.61547468666923,-47.20178,-44.01315,3.18863,2.79,0.452,-0.1,2.155716386,NA,NA,NA
"waal_2290",2016,12,194,2016-02-01 14:00:00,"BS25580_2016","Female",5.979166667,194.5688463,1909.622581,16,0.366492147,0.513089005,0.120418848,0.809917355,5.27078606598017,7.55466089994423,-47.13456,-45.20875,1.92581,1.35,-0.03,-3.2,-1.211461,1,0,"no attempt"
"waal_2290",2019,15,478,2019-01-22 15:42:00,"BS25580_2019","Female",9.520833333,1327.044264,4313.582694,26,0.280394304,0.444687842,0.274917853,0.617960426,7.190709390219,8.36952408930772,-52.56113,-45.15421,7.40692,2.79,0.452,-0.1,-1.211461,1,1,"no attempt"
"waal_2292",2016,12,240,2016-03-13 15:48:00,"BS25588_2016","Female",7.833333333,1072.425053,6044.247904,14,0.109333333,0.437333333,0.453333333,0.491017964,6.97767776770772,8.70686233909681,-46.85993,-36.70326,10.15667,4.36,0.091,-0.1,-0.087777452,1,1,"no attempt"
"waal_2292",2016,12,239,2016-02-18 17:53:00,"BS25588_2016","Female",10.48958333,1437.516441,6891.338506,22,0.201789264,0.384691849,0.413518887,0.481942715,7.27067220982349,8.83802061306466,-46.43717,-35.80771,10.62946,1.35,-0.03,-3.2,-0.087777452,1,1,"no attempt"
"waal_2359",2013,22,99,2013-03-10 08:08:00,"BS25752_2013","Female",2.958333333,425.2073165,1244.308325,6,0.32155477,0.434628975,0.243816254,0.640625,6.05257685351636,7.12633509226792,-46.36583,-45.25785,1.10798,2.31,0.183,2.5,0.085551014,1,1,"no attempt"
"waal_2377",2019,13,473,2019-01-22 11:58:00,"BS25782_2019","Female",13.5625,2656.681417,8546.780688,40,0.270561107,0.303612606,0.425826287,0.416227608,7.88483303529647,9.05330996330715,-63.84173,-46.29632,17.54541,2.79,0.452,-0.1,-0.434754419,1,1,"failedrep"
"waal_2379",2018,12,382,2018-02-02 10:34:00,"BS25784_2018","Female",10.69791667,884.7587998,4198.946908,41,0.325536062,0.467836257,0.20662768,0.693641618,6.78531506526258,8.34258903664141,-47.24345,-45.69725,1.54620000000001,1.02,0.295,-0.8,NA,1,1,"no attempt"
"waal_2399",2019,34,486,2019-01-24 07:58:00,"BS25821_2019","Female",13.78125,1718.21048,6240.185263,43,0.404689864,0.317700454,0.277609682,0.533672173,7.44903860959171,8.73876515050608,-47.37413,-32.15884,15.21529,2.79,0.452,-0.1,0.812078157,1,1,"failedrep"
"waal_2404",2013,23,102,2013-02-28 11:00:00,"BS25828_2013","Female",10.02083333,1058.252348,5609.48152,28,0.280957336,0.365244537,0.353798127,0.507959479,6.96437409815595,8.63221357356833,-53.92503,-43.76706,10.15797,2.84,0.269,-0.4,-1.045392099,1,1,"no attempt"
"waal_2424",2018,40,392,2018-01-16 14:42:00,"BS25854_2018","Female",14.95833333,1515.951169,10459.71215,34,0.220905923,0.315679443,0.463414634,0.405187835,7.32379835526139,9.2552862181198,-46.37623,-33.02306,13.35317,2.72,-0.135,1.8,-0.652141615,1,1,"no attempt"
"waal_2426",2010,26,476,2010-01-15 14:22:00,"BS25858_2010","Female",7.604166667,1584.983918,4739.233605,15,0.281207133,0.260631001,0.458161866,0.36259542,7.36832953988767,8.46363071490756,-48.20506,-40.58496,7.6201,-0.4,0.359,-1.8,-1.494717974,1,1,"no attempt"
"waal_2496",2015,10,172,2015-02-03 15:53:00,"BS26517_2015","Female",8.96875,1426.114761,5538.976251,22,0.202325581,0.358139535,0.439534884,0.448979592,7.2627090752957,8.61956497042687,-47.07847,-33.71921,13.35926,4.92,-0.265,0.4,1.977759534,1,1,"no attempt"
"waal_2496",2015,10,173,2015-02-27 09:53:00,"BS26517_2015","Female",13.27083333,1312.847557,8381.71824,23,0.237048666,0.28021978,0.482731554,0.367283951,7.17995376474437,9.03380821303098,-52.69152,-36.01558,16.67594,4.92,-0.265,0.4,1.977759534,1,1,"no attempt"
"waal_2496",2018,13,385,2018-02-22 05:54:00,"BS26517_2018","Female",12.71875,1595.492461,8287.903167,29,0.163800164,0.462735463,0.373464373,0.55337904,7.37493772054261,9.02255228091267,-51.04487,-35.6608,15.38407,1.02,0.295,-0.8,1.977759534,1,1,"failedrep"
"waal_2498",2013,8,33,2013-02-20 15:10:00,"BS26525_2013","Female",28.44791667,1428.44875,19164.12095,64,0.21127792,0.316733797,0.471988283,0.401578459,7.2643443442334,9.86079510929597,-51.18181,-33.53271,17.6491,2.84,0.269,-0.4,-0.960009158,1,0,"no attempt"
"waal_2505",2013,8,556,2013-02-22 11:25:00,"BS26547_2013","Female",13.57291667,2731.928369,10052.36646,25,0.174347158,0.235023041,0.5906298,0.284651163,7.91276300109366,9.21556335442554,-65.94744,-46.02079,19.92665,2.84,0.269,-0.4,0.435646424,1,1,"no attempt"
"waal_2505",2019,14,466,2019-01-25 10:40:00,"BS26547_2019","Female",15.95833333,2663.641804,9357.897246,44,0.273024167,0.285434357,0.441541476,0.392632525,7.88744956466204,9.1439758910282,-61.57136,-44.5242,17.04716,2.79,0.452,-0.1,0.435646424,1,1,"no attempt"
"waal_2510",2016,11,263,2016-02-24 20:17:00,"BS26558_2016","Female",8.552083333,1168.641152,5192.135582,16,0.242682927,0.293902439,0.463414634,0.388083736,7.06359694428724,8.55490037167933,-56.70117,-45.65066,11.05051,1.35,-0.03,-3.2,-0.246870229,1,1,"no attempt"
"waal_2510",2016,11,264,2016-03-11 13:45:00,"BS26558_2016","Female",9.989583333,1110.487832,6244.016116,12,0.19519833,0.403966597,0.400835073,0.501945525,7.01255468604798,8.73937886266979,-47.07604,-36.54544,10.5306,4.36,0.091,-0.1,-0.246870229,1,1,"no attempt"
"waal_2510",2016,11,262,2016-01-25 22:12:00,"BS26558_2016","Female",19.3125,1947.887587,11148.17398,51,0.253642742,0.32433891,0.422018349,0.434562545,7.57450077565852,9.31903099486686,-49.57773,-31.25415,18.32358,3.13,0.331,-3.6,-0.246870229,1,1,"no attempt"
"waal_2510",2016,11,265,2016-03-25 06:56:00,"BS26558_2016","Female",2.322916667,368.839596,892.0785938,6,0.445945946,0.247747748,0.306306306,0.447154472,5.91036185034445,6.79355423833984,-46.35704,-43.57263,2.78441,4.36,0.091,-0.1,-0.246870229,1,1,"no attempt"
"waal_2515",2013,8,42,2013-02-24 10:46:00,"BS26571_2013","Female",11.76041667,1677.668505,6464.315001,34,0.312056738,0.307624113,0.380319149,0.447164948,7.42516031387558,8.77405233060393,-46.50273,-31.68604,14.81669,2.84,0.269,-0.4,0.80161563,1,1,"no attempt"
"waal_2516",2019,14,487,2019-02-07 15:15:00,"BS26575_2019","Female",14.59375,1280.952216,7644.877629,41,0.218571429,0.427142857,0.354285714,0.546617916,7.15535899909326,8.94179111156403,-46.70125,-34.8609,11.84035,-1.87,0.496,-2.3,-0.244295121,1,1,"no attempt"
"waal_2518",2018,13,378,2018-02-22 06:42:00,"BS26577_2018","Female",12.27083333,801.0065789,5931.87165,45,0.284380306,0.432937182,0.282682513,0.604982206,6.68586916039293,8.68809506613905,-46.34647,-40.30052,6.04595,1.02,0.295,-0.8,-0.936406252,1,1,"no attempt"
"waal_2611",2016,10,180,2016-01-16 09:58:00,"BS27529_2016","Female",11.05208333,1142.619203,5454.23256,31,0.351886792,0.417924528,0.230188679,0.644832606,7.04107845255558,8.60414720276049,-47.00803,-37.40558,9.60245,3.13,0.331,-3.6,0.170793151,1,0,"no attempt"
"waal_2611",2017,11,352,2017-02-08 05:12:00,"BS27529_2017","Female",11.21875,568.525007,3968.993254,49,0.362453532,0.481412639,0.156133829,0.755102041,6.34304529991006,8.28626775310916,-49.07817,-44.56553,4.51264,-1.09,0.181,-0.1,0.170793151,1,1,"failedrep"
"waal_2615",2017,11,351,2017-02-07 15:17:00,"BS27546_2017","Female",10.82291667,1700.199801,6647.70904,19,0.289980732,0.302504817,0.407514451,0.42605156,7.4385010531382,8.80202756903117,-46.89882,-31.20012,15.6987,-1.09,0.181,-0.1,-0.993109937,1,1,"no attempt"
"waal_2658",2016,33,236,2016-02-23 10:32:00,"BS27618_2016","Female",14.9375,1450.897997,7045.34539,37,0.410327983,0.251919051,0.337752966,0.427218935,7.27993795199825,8.86012244939079,-46.37064,-34.75486,11.61578,1.35,-0.03,-3.2,1.050245234,1,1,"no attempt"
"waal_2658",2016,33,238,2016-03-27 15:48:00,"BS27618_2016","Female",2.947916667,225.9074567,1523.49076,5,0.159574468,0.570921986,0.269503546,0.679324895,5.42012543178265,7.32875953342542,-46.91245,-45.9294,0.983049999999999,4.36,0.091,-0.1,1.050245234,1,1,"no attempt"
"waal_2658",2016,33,235,2016-01-26 09:11:00,"BS27618_2016","Female",15.21875,1553.194137,6847.80551,36,0.324657534,0.410273973,0.265068493,0.607505071,7.34806882306285,8.83168351642527,-46.35384,-33.148,13.20584,3.13,0.331,-3.6,1.050245234,1,1,"no attempt"
"waal_2658",2016,33,237,2016-03-18 12:44:00,"BS27618_2016","Female",4.052083333,810.7906694,2955.566321,1,0.041237113,0.386597938,0.572164948,0.403225806,6.69800990661819,7.99144555987055,-46.35798,-39.71527,6.64271,4.36,0.091,-0.1,1.050245234,1,1,"no attempt"
"waal_2658",2018,35,354,2018-01-22 11:44:00,"BS27618_2018","Female",11.09375,2334.811409,8002.466159,19,0.188909774,0.289473684,0.521616541,0.356894554,7.75568639981761,8.98750504303158,-46.35816,-32.10793,14.25023,2.72,-0.135,1.8,1.050245234,1,1,"no attempt"
"waal_2675",2011,43,477,2011-02-03 00:33:00,"BS27647_2011","Female",12.40625,1570.321322,5422.841627,35,0.378151261,0.31512605,0.306722689,0.506756757,7.35903554109586,8.59837524246846,-48.44417,-42.00151,6.44266,0.87,0.322,4.5,-0.512905401,1,0,"no attempt"
"waal_2707",2012,30,533,2012-01-25 16:17:00,"BS27708_2012","Female",15.90625,2106.71233,7737.359082,36,0.422018349,0.247706422,0.330275229,0.428571429,7.65288387387079,8.95381570448452,-46.42977,-34.49345,11.93632,3.08,0.111,1.8,-0.020219421,1,1,"no attempt"
"waal_2707",2017,35,327,2017-02-27 11:42:00,"BS27708_2017","Female",9.697916667,1546.3363,4993.93788,25,0.280645161,0.353763441,0.365591398,0.491778774,7.34364373459872,8.51598003183564,-46.57589,-32.91635,13.65954,-1.09,0.181,-0.1,-0.020219421,1,1,"no attempt"
"waal_2708",2011,22,488,2011-02-24 04:37:00,"BS27709_2011","Female",5.291666667,590.696725,1709.932507,23,0.516765286,0.297830375,0.185404339,0.616326531,6.38130273002831,7.44420917912712,-50.17374,-45.44199,4.73175000000001,0.87,0.322,4.5,1.870688654,1,1,"no attempt"
"waal_2708",2013,24,71,2013-01-26 06:24:00,"BS27709_2013","Female",20.34375,1771.741376,13111.05439,36,0.306352459,0.241803279,0.451844262,0.34859675,7.47971817017464,9.48121099991578,-46.35617,-32.88113,13.47504,0.71,0.001,-0.1,1.870688654,1,1,"no attempt"
"waal_2708",2017,28,323,2017-02-28 02:44:00,"BS27709_2017","Female",7.125,1113.827912,3895.356765,13,0.273792094,0.319180088,0.407027818,0.439516129,7.01555793099599,8.26754054974565,-46.62958,-42.62028,4.0093,-1.09,0.181,-0.1,1.870688654,1,1,"no attempt"
"waal_2722",2018,11,436,2018-02-08 08:04:00,"BS27731_2018","Female",13.36458333,768.9302434,5127.192033,50,0.293291732,0.510920437,0.195787832,0.722958057,6.64500025459793,8.54231342631925,-46.67624,-43.10239,3.57385,1.02,0.295,-0.8,NA,1,0,"no attempt"
"waal_2759",2014,7,129,2014-02-16 13:03:00,"BS27834_2014","Female",17.98958333,1488.628329,11692.73477,30,0.19235226,0.333719583,0.473928158,0.413199426,7.30561039037754,9.36672296808138,-49.38483,-36.11822,13.26661,0.36,-0.009,0.1,1.13596969,1,1,"no attempt"
"waal_2794",2014,30,707,2014-04-12 18:29:00,"BS27912_2014_b","Female",1.479166667,109.8661986,364.8859762,4,0.446808511,0.418439716,0.134751773,0.756410256,4.6992632490426,5.89958491080473,-46.64385,-45.50386,1.13999,1.18,0.017,1.3,2.242471266,1,1,"no attempt"
"waal_2799",2016,8,177,2016-01-20 14:41:00,"BS27918_2016","Female",9.635416667,1362.669226,6943.124186,21,0.194805195,0.359307359,0.445887446,0.446236559,7.21720072139371,8.8455071230977,-46.35591,-37.62104,8.73487,3.13,0.331,-3.6,1.591385154,1,1,"failedrep"
"waal_2807",2012,26,534,2012-02-21 02:07:00,"BS27928_2012","Female",14.39583333,1191.408414,6959.294548,45,0.237509051,0.477914555,0.284576394,0.626780627,7.08289142744932,8.84783339014541,-47.35376,-39.28005,8.07371,-1.53,0.002,0.8,1.337593677,1,0,"no attempt"
"waal_2807",2018,32,430,2018-02-28 09:47:00,"BS27928_2018","Female",12.75,2019.053571,9378.17831,26,0.169394435,0.328150573,0.502454992,0.395073892,7.61038415139322,9.14614081311774,-46.92947,-31.72571,15.20376,1.02,0.295,-0.8,1.337593677,1,1,"no attempt"
"waal_2807",2018,32,429,2018-02-04 05:17:00,"BS27928_2018","Female",13.0625,1914.086688,7720.559527,24,0.270550678,0.28810854,0.441340782,0.394967177,7.55699586252332,8.95164211798312,-47.01872,-38.34698,8.67174,1.02,0.295,-0.8,1.337593677,1,1,"no attempt"
"waal_2860",2013,30,668,2013-03-21 10:38:00,"BS28052_2013_b","Female",2.791666667,117.6421148,1229.080847,6,0.355805243,0.43071161,0.213483146,0.668604651,4.76764709040282,7.11402189015265,-47.07665,-45.5806,1.49605,2.31,0.183,2.5,-1.136889152,1,1,"failedrep"
"waal_2860",2013,30,670,2013-04-02 05:16:00,"BS28052_2013_b","Female",2.0625,264.6650906,979.9130854,9,0.294416244,0.385786802,0.319796954,0.54676259,5.57846521764946,6.88746387936422,-46.51567,-44.10731,2.40836,-0.07,-0.222,0.4,-1.136889152,1,1,"failedrep"
"waal_2860",2013,30,669,2013-03-26 10:34:00,"BS28052_2013_b","Female",4.697916667,1050.800812,2691.576272,9,0.362222222,0.246666667,0.391111111,0.386759582,6.95730783055566,7.89788227570093,-49.03097,-44.50495,4.52602,2.31,0.183,2.5,-1.136889152,1,1,"failedrep"
"waal_2861",2013,27,672,2013-03-19 15:08:00,"BS28053_2013_b","Female",3.635416667,561.4973344,2042.67928,10,0.232758621,0.390804598,0.376436782,0.509363296,6.33060702688317,7.62201759766798,-47.03987,-44.03253,3.00734,2.31,0.183,2.5,NA,1,1,"no attempt"
"waal_2861",2013,27,673,2013-03-25 09:33:00,"BS28053_2013_b","Female",0.729166667,75.69042082,185.4385775,2,0.550724638,0.333333333,0.115942029,0.741935484,4.32665161108895,5.22272370861724,-46.94509,-46.42715,0.517940000000003,2.31,0.183,2.5,NA,1,1,"no attempt"
"waal_2861",2013,27,675,2013-03-30 09:41:00,"BS28053_2013_b","Female",0.78125,71.41891627,205.6208958,3,0.22972973,0.702702703,0.067567568,0.912280702,4.26856276801029,5.32603416168518,-46.99924,-46.42679,0.572450000000003,2.31,0.183,2.5,NA,1,1,"no attempt"
"waal_2861",2013,27,671,2013-03-13 09:34:00,"BS28053_2013_b","Female",3.802083333,155.7096845,1013.761593,14,0.357142857,0.563186813,0.07967033,0.876068376,5.04799327664872,6.92142304112256,-47.33017,-46.29891,1.03126,2.31,0.183,2.5,NA,1,1,"no attempt"
"waal_2861",2013,27,674,2013-03-28 09:21:00,"BS28053_2013_b","Female",0.885416667,75.15574693,216.3955423,2,0.55952381,0.357142857,0.083333333,0.810810811,4.31956258606285,5.37710794740711,-46.93455,-46.4237,0.510850000000005,2.31,0.183,2.5,NA,1,1,"no attempt"
"waal_2921",2016,8,278,2016-02-03 15:58:00,"BS28191_2016","Female",14.76041667,1619.915849,8244.711949,32,0.332627119,0.288135593,0.379237288,0.431746032,7.39012948181551,9.01732729793708,-57.9844,-45.07753,12.90687,1.35,-0.03,-3.2,0.136684705,1,1,"no attempt"
"waal_2927",2019,11,469,2019-02-07 13:33:00,"BS28207_2019","Female",9.604166667,1002.676039,4746.321067,34,0.363735071,0.34310532,0.293159609,0.539249147,6.91042774376485,8.46512508472862,-46.94821,-42.26683,4.68138,-1.87,0.496,-2.3,-0.278870406,1,1,"no attempt"
"waal_2932",2018,10,431,2018-01-16 08:23:00,"BS28223_2018","Female",10.90625,456.8085907,2855.10778,58,0.460803059,0.419694073,0.119502868,0.778368794,6.12426446442591,7.95686487269103,-46.53453,-44.16387,2.37065999999999,2.72,-0.135,1.8,0.395424316,1,1,"no attempt"
"waal_2937",2020,12,491,2020-02-10 12:21:00,"BS28242_2020","Female",10.5625,809.9149668,3376.94163,38,0.445212241,0.3988154,0.155972359,0.71886121,6.69692926289652,8.12472573566408,-46.63386,-43.88968,2.74418,-0.36,0.134,-0.1,-1.934336056,1,1,"no attempt"
"waal_2940",2019,11,445,2019-01-26 10:11:00,"BS28249_2019","Female",19.60416667,1759.225669,12094.27342,44,0.247608927,0.332093518,0.420297556,0.441384181,7.4726290304256,9.40048734848235,-46.349,-31.32133,15.02767,2.79,0.452,-0.1,-1.01259438,1,1,"no attempt"
"waal_2942",2011,NA,497,2011-01-17 14:49:00,"BS28253_2011","Female",11.67708333,1038.855204,4335.346704,34,0.416964286,0.347321429,0.235714286,0.595712098,6.94587462046363,8.37455686387126,-48.08434,-42.66933,5.41501,0.48,0.257,3.8,1.152243072,NA,NA,NA
"waal_2942",2013,NA,678,2013-03-25 10:22:00,"BS28253_2013_b","Female",2.885416667,150.6987568,1459.34326,2,0.137681159,0.612318841,0.25,0.710084034,5.0152828560961,7.28574179158435,-46.62957,-45.37925,1.25032,2.31,0.183,2.5,1.152243072,NA,NA,NA
"waal_2942",2013,NA,676,2013-03-13 12:30:00,"BS28253_2013_b","Female",5.604166667,86.12816117,663.1725082,18,0.680297398,0.243494424,0.076208178,0.761627907,4.45583643310145,6.49703514970494,-46.96674,-45.7006,1.26614,2.31,0.183,2.5,1.152243072,NA,NA,NA
"waal_2942",2013,NA,677,2013-03-22 04:53:00,"BS28253_2013_b","Female",1.333333333,126.6804397,438.078847,4,0.307086614,0.559055118,0.133858268,0.806818182,4.84166769261484,6.08239891015725,-46.35736,-45.33992,1.01744,2.31,0.183,2.5,1.152243072,NA,NA,NA
"waal_2942",2013,NA,679,2013-03-30 02:39:00,"BS28253_2013_b","Female",5.916666667,234.6636254,1241.188206,21,0.565140845,0.299295775,0.13556338,0.688259109,5.45815310746277,7.12382443043433,-46.84063,-45.20258,1.63805,2.31,0.183,2.5,1.152243072,NA,NA,NA
"waal_2942",2018,NA,406,2018-02-07 12:29:00,"BS28253_2018","Female",6.604166667,923.1880775,2730.758387,16,0.466034755,0.252764613,0.281200632,0.473372781,6.82783298135069,7.91233464703634,-47.11972,-43.81938,3.30034,1.02,0.295,-0.8,1.152243072,NA,NA,NA
"waal_2942",2018,NA,405,2018-01-27 09:04:00,"BS28253_2018","Female",3.947916667,209.8724779,936.7886783,21,0.513227513,0.391534392,0.095238095,0.804347826,5.34650009817243,6.84245772670663,-47.04843,-44.47865,2.56978,2.72,-0.135,1.8,1.152243072,NA,NA,NA
"waal_2944",2013,11,681,2013-03-27 08:58:00,"BS28255_2013_b","Female",15.14583333,936.7473948,4901.77817,36,0.512044047,0.302821748,0.185134205,0.620592384,6.84241365656505,8.49735331010613,-46.63966,-41.45117,5.18849,2.31,0.183,2.5,0.523570246,1,1,"no attempt"
"waal_2944",2013,11,680,2013-03-20 12:20:00,"BS28255_2013_b","Female",4.989583333,1612.8758,4191.860033,12,0.129707113,0.286610879,0.583682008,0.329326923,7.38577407578057,8.34089983636902,-46.40974,-32.9309,13.47884,2.31,0.183,2.5,0.523570246,1,1,"no attempt"
"waal_2950",2013,24,547,2013-02-25 08:27:00,"BS28262_2013","Female",9.979166667,1780.37843,6329.25548,26,0.262004175,0.267223382,0.470772443,0.362093352,7.48458122181331,8.7529378905272,-46.36979,-32.60207,13.76772,2.84,0.269,-0.4,1.560690432,1,0,"no attempt"
"waal_2950",2014,25,127,2014-02-03 00:39:00,"BS28262_2014","Female",14.26041667,1971.617016,9682.041391,29,0.376461988,0.213450292,0.410087719,0.342321219,7.58660930534784,9.17802804553698,-49.82887,-32.42423,17.40464,0.36,-0.009,0.1,1.560690432,1,1,"failedrep"
"waal_2950",2018,29,437,2018-01-17 08:56:00,"BS28262_2018","Female",14.02083333,1555.998905,10169.49429,31,0.232713755,0.324907063,0.442379182,0.423449612,7.34987300101058,9.22714776214253,-51.18814,-33.24166,17.94648,2.72,-0.135,1.8,1.560690432,1,1,"no attempt"
"waal_2961",2011,NA,498,2011-01-17 16:44:00,"BS28277_2011","Female",3.5625,1061.665561,3086.322133,6,0.202346041,0.202346041,0.595307918,0.253676471,6.96759423789334,8.03473541276374,-46.55886,-40.67371,5.88515,0.48,0.257,3.8,-0.556286617,NA,NA,NA
"waal_2961",2014,NA,145,2014-02-19 22:53:00,"BS28277_2014","Female",5.697916667,1540.569333,3858.479141,9,0.315018315,0.173992674,0.510989011,0.254010695,7.33990732383992,8.25802837989626,-46.35873,-38.21166,8.14707,0.36,-0.009,0.1,-0.556286617,NA,NA,NA
"waal_2961",2016,NA,208,2016-03-09 15:57:00,"BS28277_2016","Female",5.895833333,1214.375079,3233.511185,17,0.392920354,0.237168142,0.369911504,0.390670554,7.10198488518574,8.08132387998071,-46.70763,-37.5936,9.11403,4.36,0.091,-0.1,-0.556286617,NA,NA,NA
"waal_2961",2016,NA,207,2016-01-23 20:57:00,"BS28277_2016","Female",22.75,2475.82446,15067.59768,61,0.211996337,0.336538462,0.451465201,0.427077281,7.81432873468377,9.62030186816346,-47.44305,-32.57318,14.86987,3.13,0.331,-3.6,-0.556286617,NA,NA,NA
"waal_2961",2016,NA,210,2016-03-23 14:20:00,"BS28277_2016","Female",5.697916667,192.5349781,638.5935716,30,0.628205128,0.3003663,0.071428571,0.807881773,5.26027784163718,6.45926821383478,-46.35885,-44.87882,1.48003,4.36,0.091,-0.1,-0.556286617,NA,NA,NA
"waal_2961",2016,NA,209,2016-03-18 10:51:00,"BS28277_2016","Female",1.104166667,189.6821477,400.1438976,5,0.447619048,0.19047619,0.361904762,0.344827586,5.24534976444716,5.99182422641562,-46.35074,-45.12775,1.22299,4.36,0.091,-0.1,-0.556286617,NA,NA,NA
"waal_2962",2013,10,685,2013-04-01 05:47:00,"BS28278_2013_b","Female",3.895833333,296.6655202,1668.504829,9,0.321715818,0.423592493,0.254691689,0.624505929,5.69260530955623,7.4196831924036,-46.59587,-44.58807,2.0078,-0.07,-0.222,0.4,0.480795274,1,1,"no attempt"
"waal_2962",2013,10,684,2013-03-27 20:25:00,"BS28278_2013_b","Female",3.375,1276.655729,3138.451224,2,0.015479876,0.263157895,0.721362229,0.267295597,7.15199922610696,8.05148471645473,-46.36453,-39.29835,7.06618,2.31,0.183,2.5,0.480795274,1,1,"no attempt"
"waal_2962",2013,10,682,2013-03-13 13:04:00,"BS28278_2013_b","Female",4.8125,126.923553,1374.196623,15,0.33982684,0.551948052,0.108225108,0.836065574,4.84358496033515,7.22562456516418,-46.8999,-46.00634,0.893560000000001,2.31,0.183,2.5,0.480795274,1,1,"no attempt"
"waal_2962",2013,10,683,2013-03-20 03:08:00,"BS28278_2013_b","Female",3.1875,1016.599212,2538.517964,7,0.075409836,0.31147541,0.613114754,0.336879433,6.92421822987971,7.83933571098246,-46.36108,-39.16966,7.19142,2.31,0.183,2.5,0.480795274,1,1,"no attempt"
"waal_2980",2018,9,365,2018-02-04 10:12:00,"BS28309_2018","Female",14.97916667,1355.110229,6265.362337,50,0.215031315,0.576896312,0.208072373,0.734929078,7.21163807982058,8.74279170077351,-48.49826,-44.02095,4.47731,1.02,0.295,-0.8,0.820210775,1,1,"no attempt"
"waal_4623",2012,NA,535,2012-02-25 15:07:00,"BS29993_2012","Female",8.791666667,672.6861532,3136.507022,17,0.536180308,0.207591934,0.256227758,0.447570332,6.51127888090414,8.0508650463355,-47.38843,-41.38787,6.00056,-1.53,0.002,0.8,NA,NA,NA,NA
"waal_3289",2017,27,344,2017-02-22 14:41:00,"BS30358_2017","Female",15.72916667,1669.534055,6683.401243,47,0.447978794,0.282968854,0.269052353,0.512605042,7.42029985749852,8.80738230506236,-46.93377,-34.21115,12.72262,-1.09,0.181,-0.1,NA,1,1,"no attempt"
"waal_3294",2016,9,197,2016-02-04 20:46:00,"BS30433_2016","Female",11.71875,1741.512966,6892.566632,21,0.233096085,0.411921708,0.354982206,0.53712297,7.46250953508411,8.83819881017077,-48.30036,-32.03002,16.27034,1.35,-0.03,-3.2,0.824263509,1,1,"no attempt"
"waal_3294",2016,9,196,2016-01-16 11:08:00,"BS30433_2016","Female",8.15625,1525.029622,4340.382296,23,0.246803069,0.411764706,0.341432225,0.546689304,7.32976911311516,8.375717709851,-46.63967,-33.66887,12.9708,3.13,0.331,-3.6,0.824263509,1,1,"no attempt"
"waal_3294",2016,9,198,2016-02-28 17:44:00,"BS30433_2016","Female",9,789.6047068,4832.594665,29,0.249130939,0.374275782,0.376593279,0.49845679,6.67153244909441,8.48313880013014,-46.75458,-43.25696,3.49762,1.35,-0.03,-3.2,0.824263509,1,1,"no attempt"
"waal_3294",2016,9,199,2016-03-14 11:33:00,"BS30433_2016","Female",4.770833333,1652.356918,4106.931216,6,0.142231947,0.207877462,0.649890591,0.242346939,7.40995798280315,8.32043136582507,-46.8011,-32.74465,14.05645,4.36,0.091,-0.1,0.824263509,1,1,"no attempt"
"waal_3294",2016,9,200,2016-03-21 12:31:00,"BS30433_2016","Female",3.083333333,1094.083383,2854.444839,3,0.098305085,0.176271186,0.725423729,0.195488722,6.9976721985418,7.95663265099269,-46.71875,-38.69801,8.02074,4.36,0.091,-0.1,0.824263509,1,1,"no attempt"
"waal_3294",2016,9,201,2016-03-29 09:09:00,"BS30433_2016","Female",3.052083333,618.8697988,2325.686902,3,0.136986301,0.339041096,0.523972603,0.392857143,6.42789490936431,7.75177071610758,-46.99585,-44.30334,2.69251,4.36,0.091,-0.1,0.824263509,1,1,"no attempt"
"waal_3300",2016,9,260,2016-03-02 17:38:00,"BS30448_2016","Female",12.89583333,1227.07466,6209.255936,22,0.291835085,0.383185125,0.32497979,0.54109589,7.11238829045553,8.73379635067964,-48.11297,-40.87927,7.2337,4.36,0.091,-0.1,-0.471853055,1,1,"no attempt"
"waal_3300",2016,9,259,2016-02-14 17:59:00,"BS30448_2016","Female",8.71875,1437.747335,5883.009349,19,0.204301075,0.308243728,0.487455197,0.387387387,7.27083281700147,8.67982370401839,-46.35916,-36.65589,9.70327,1.35,-0.03,-3.2,-0.471853055,1,1,"no attempt"
"waal_3300",2016,9,261,2016-03-25 14:05:00,"BS30448_2016","Female",5.0625,1044.752353,3556.085025,9,0.113402062,0.354639175,0.531958763,0.4,6.95153515353894,8.17641550664041,-47.0887,-39.90229,7.18641,4.36,0.091,-0.1,-0.471853055,1,1,"no attempt"
"waal_3300",2016,9,258,2016-01-19 21:00:00,"BS30448_2016","Female",15.85416667,1323.976581,8038.838488,37,0.333990796,0.307034845,0.358974359,0.46100691,7.18839504827405,8.99203988507003,-49.32887,-34.58011,14.74876,3.13,0.331,-3.6,-0.471853055,1,1,"no attempt"
"waal_3323",2019,28,459,2019-02-18 14:02:00,"BS31571_2019","Female",9.78125,1944.537197,7364.909891,23,0.198083067,0.346112886,0.455804047,0.431606906,7.572779282752,8.90448209406289,-46.66899,-33.29203,13.37696,-1.87,0.496,-2.3,NA,1,1,"failedrep"
"waal_4624",2018,NA,427,2018-02-11 05:34:00,"BS33114_2018","Female",7.989583333,112.1454421,1383.429877,32,0.514360313,0.442558747,0.04308094,0.911290323,4.71979661903468,7.23232111272379,-47.05871,-46.21695,0.841760000000001,1.02,0.295,-0.8,NA,NA,NA,NA
"waal_4624",2018,NA,428,2018-03-04 10:58:00,"BS33114_2018","Female",13.69791667,1116.049253,6727.589225,35,0.361491629,0.301369863,0.337138508,0.471990465,7.01755027547995,8.81397214524072,-47.39565,-36.4609,10.93475,-0.03,-0.02,2.4,NA,NA,NA,NA
"waal_3392",2015,44,165,2015-01-21 18:29:00,"BS4655_2015","Female",4.791666667,134.8440913,1359.285392,16,0.31372549,0.579520697,0.106753813,0.844444444,4.90411923179223,7.21471439357559,-46.35766,-45.19551,1.16215,1.35,-0.034,-1.4,2.422793495,1,1,"no attempt"
"waal_3392",2015,44,166,2015-02-01 09:42:00,"BS4655_2015","Female",11.375,1590.580928,6258.337493,27,0.245646196,0.365719523,0.38863428,0.484811665,7.37185459200729,8.74166985262446,-46.54891,-32.96171,13.5872,4.92,-0.265,0.4,2.422793495,1,1,"no attempt"
"waal_3758",2014,36,703,2014-04-10 16:50:00,"BS5750_2014_b","Female",1.760416667,121.9053492,641.0304726,2,0.196428571,0.613095238,0.19047619,0.762962963,4.80324491739483,6.46307699494829,-46.59183,-45.5007,1.09113,1.18,0.017,1.3,-1.075305011,1,1,"no attempt"
"waal_4061",2011,36,501,2011-01-25 14:11:00,"BS6563_2011","Female",15.45833333,1847.708554,8053.472913,39,0.311994609,0.300539084,0.387466307,0.436826641,7.52170153088982,8.9938586951427,-46.37116,-30.97575,15.39541,0.48,0.257,3.8,2.370409974,1,1,"no attempt"
"waal_4061",2013,38,92,2013-01-20 15:20:00,"BS6563_2013","Female",19.75,1903.381547,8162.257844,56,0.401583113,0.302902375,0.295514512,0.50617284,7.5513873448345,9.00727610625334,-47.43202,-33.71703,13.71499,0.71,0.001,-0.1,2.370409974,1,0,"no attempt"
"waal_4061",2014,39,112,2014-01-21 08:53:00,"BS6563_2014","Female",23.95833333,2516.708651,13249.947,61,0.343043478,0.255217391,0.40173913,0.388484447,7.83070723595237,9.49174883140637,-47.09881,-29.70054,17.39827,-0.13,-0.036,2.4,2.370409974,1,1,"failedrep"
"waal_4101",2011,42,502,2011-02-10 13:09:00,"BS6701_2011","Female",5.072916667,223.228699,713.6813746,27,0.565843621,0.360082305,0.074074074,0.829383886,5.40819680199059,6.57043660867698,-46.85118,-45.61998,1.2312,0.87,0.322,4.5,-1.021896952,1,1,"no attempt"
"waal_4151",2011,35,503,2011-02-15 05:14:00,"BS7046_2011","Female",4.947916667,74.87146723,602.1982884,21,0.508438819,0.462025316,0.029535865,0.939914163,4.31577287308544,6.40058677379849,-46.39764,-45.76706,0.630580000000002,0.87,0.322,4.5,-0.736209285,1,1,"no attempt"
"waal_4558",2013,24,699,2013-03-27 11:00:00,"BS9800_2013_b","Female",3.28125,1026.524346,2740.177367,5,0.165605096,0.187898089,0.646496815,0.22519084,6.93393395366434,7.91577792976881,-46.46557,-40.05454,6.41103,2.31,0.183,2.5,-0.676362963,1,1,"no attempt"
"waal_4558",2013,24,698,2013-03-15 07:21:00,"BS9800_2013_b","Female",3.020833333,464.3991606,1425.863434,5,0.238754325,0.494809689,0.266435986,0.65,6.14074444232856,7.26253282780469,-48.04431,-46.14197,1.90234,2.31,0.183,2.5,-0.676362963,1,1,"no attempt"
"waal_4558",2013,24,697,2013-03-12 05:50:00,"BS9800_2013_b","Female",0.947916667,88.34057913,282.0687816,2,0.433333333,0.422222222,0.144444444,0.745098039,4.4811995618408,5.64215094758077,-46.8225,-46.3039,0.518599999999999,2.31,0.183,2.5,-0.676362963,1,1,"no attempt"
"waal_4607",2013,29,47,2013-02-25 11:30:00,"BS9986_2013","Female",7.927083333,1756.296171,6123.177881,6,0.086842105,0.285526316,0.627631579,0.312680115,7.47096242227386,8.71983650233803,-46.36224,-32.15657,14.20567,2.84,0.269,-0.4,-1.714593774,1,0,"no attempt"
