"id","Year","Age","trackid","start_time","DeploymentID","sex","tripduration.days","maxdistance.km","totalpathdistance.km","total_landings_hmm","propRest_hmm","propSearch_hmm","propTravel_hmm","propARSvsTravel_hmm","logmaxdistance.km","logtotalpathdistance.km","southLat","northLat","latRange","SAMIndex","SOIIndex","boldness","attempted_breeding","breeding_success","prevyear"
"waal_0015",2013,30,55,"2013-02-23 09:00:00","BS10317_2013","Male",8.0625,2087.036621,4985.397543,22,0.362225097,0.217335058,0.420439845,0.340770791,7.64350045412018,8.51426842705978,-61.70506,-46.06122,15.64384,2.84,-0.4,-1.074301978,1,1,"no attempt"
"waal_0038",2013,NA,562,"2013-01-27 03:11:00","BS10385_2013","Male",13.125,2653.332597,11083.86499,21,0.187450357,0.264495631,0.548054011,0.325513196,7.88357171265772,9.31324572528797,-64.65269,-46.42519,18.2275,0.71,-0.1,-0.97919577,NA,NA,NA
"waal_0093",2016,31,268,"2016-03-01 20:01:00","BS10737_2016","Male",14.59375,3916.743234,13334.08724,27,0.209285714,0.187142857,0.603571429,0.2366757,8.2730157798195,9.49807898582947,-65.8948,-45.32307,20.57173,4.36,-0.1,1.340847166,1,1,"no attempt"
"waal_0093",2016,31,269,"2016-03-22 19:34:00","BS10737_2016","Male",5.541666667,2162.799632,5988.571452,6,0.101694915,0.148775895,0.74952919,0.165618449,7.67915878735803,8.69760817385182,-65.11778,-45.8057,19.31208,4.36,-0.1,1.340847166,1,1,"no attempt"
"waal_0093",2016,31,272,"2016-04-12 18:13:00","BS10737_2016","Male",6.28125,1129.257537,4356.022666,14,0.215946844,0.295681063,0.488372093,0.377118644,7.02931564885382,8.37931468743693,-53.50113,-46.05011,7.45102000000001,1.06,-2,1.340847166,1,1,"no attempt"
"waal_0093",2016,31,271,"2016-04-07 15:27:00","BS10737_2016","Male",1.708333333,77.24116247,665.8457351,5,0.27607362,0.607361963,0.116564417,0.838983051,4.34693250755064,6.50105801473128,-46.95453,-46.35032,0.604209999999995,1.06,-2,1.340847166,1,1,"no attempt"
"waal_0093",2016,31,270,"2016-04-02 07:01:00","BS10737_2016","Male",1.104166667,105.1304061,379.2719556,3,0.40952381,0.457142857,0.133333333,0.774193548,4.65520154241677,5.93825350870853,-47.13319,-46.2185,0.91469,1.06,-2,1.340847166,1,1,"no attempt"
"waal_0093",2016,31,266,"2016-01-23 09:13:00","BS10737_2016","Male",7.9375,1161.467245,4344.703831,17,0.3521682,0.327201051,0.320630749,0.505070994,7.05743935121015,8.37671287220021,-51.04727,-44.88434,6.16293,3.13,-3.6,1.340847166,1,1,"no attempt"
"waal_0093",2016,31,267,"2016-02-12 13:21:00","BS10737_2016","Male",7.90625,1111.476866,4614.118816,19,0.350923483,0.224274406,0.424802111,0.345528455,7.01344491987231,8.43687618959417,-54.66763,-44.54324,10.12439,1.35,-3.2,1.340847166,1,1,"no attempt"
"waal_0111",2014,29,708,"2014-04-11 14:37:00","BS10767_2014_b","Male",1.041666667,157.5284779,662.3176925,2,0.101010101,0.454545455,0.444444444,0.505617978,5.05960625398465,6.49574533885903,-46.43303,-45.26223,1.1708,1.18,1.3,-2.352774907,1,1,"no attempt"
"waal_0112",2011,26,31,"2011-01-29 12:29:00","BS10772_2011","Male",11.65625,1084.531286,4361.358985,29,0.371198569,0.410554562,0.218246869,0.652916074,6.98890317816802,8.380538981584,-46.97484,-41.77125,5.20359,0.48,3.8,0.187338517,1,1,"no attempt"
"waal_0137",2011,NA,44,"2011-01-14 10:48:00","BS10855_2011","Male",4.614583333,217.2844291,1411.241644,18,0.41986456,0.428893905,0.151241535,0.739299611,5.38120722845933,7.25222519445431,-46.86238,-45.50818,1.3542,0.48,3.8,0.963986344,NA,NA,NA
"waal_0184",2017,38,301,"2017-02-21 12:30:00","BS11151_2017","Male",2.8125,85.82924761,360.3630765,10,0.688888889,0.248148148,0.062962963,0.797619048,4.45235982964254,5.88711206904283,-47.06875,-46.27176,0.796990000000001,-1.09,-0.1,-2.151886856,1,1,"no attempt"
"waal_0184",2017,38,300,"2017-01-29 06:58:00","BS11151_2017","Male",14.33333333,2585.106457,10971.90762,30,0.312727273,0.200727273,0.486545455,0.292063492,7.85752196868643,9.30309343240849,-65.8649,-45.28308,20.58182,-1.12,0.3,-2.151886856,1,1,"no attempt"
"waal_0216",2018,32,408,"2018-03-01 13:29:00","BS11258_2018","Male",9.791666667,1000.288237,4030.473097,34,0.384451544,0.326943557,0.288604899,0.531141869,6.90804347444983,8.30163904184714,-52.23074,-45.62591,6.60483,-0.03,2.4,-1.86204348,1,1,"no attempt"
"waal_0216",2018,32,407,"2018-02-08 09:50:00","BS11258_2018","Male",7.958333333,415.0367191,2008.999603,29,0.461336828,0.402359109,0.136304063,0.746958637,6.02836699607563,7.60539216720416,-46.45249,-44.8556,1.59688999999999,1.02,-0.8,-1.86204348,1,1,"no attempt"
"waal_0242",2013,33,563,"2013-03-04 11:03:00","BS11329_2013","Male",14.86458333,1214.210366,7690.558162,22,0.330995792,0.330995792,0.338008415,0.49475891,7.10184923996841,8.94774864270053,-56.10084,-43.84219,12.25865,2.31,2.5,-1.310121485,1,0,"no attempt"
"waal_0254",2013,24,70,"2013-02-12 16:10:00","BS11354_2013","Male",10.53125,1137.149717,5663.963558,25,0.263366337,0.426732673,0.30990099,0.579301075,7.03628016230261,8.64187920138393,-52.45229,-46.3213,6.13099,2.84,-0.4,0.756214647,1,1,"no attempt"
"waal_0254",2013,24,69,"2013-01-21 14:27:00","BS11354_2013","Male",8.229166667,1185.933728,4204.119616,21,0.310519645,0.356147022,0.333333333,0.516544118,7.07828569941293,8.34382018449406,-49.10611,-45.07792,4.02819,0.71,-0.1,0.756214647,1,1,"no attempt"
"waal_0254",2015,26,154,"2015-01-13 19:03:00","BS11354_2015","Male",11.77083333,1125.520294,5034.154821,31,0.363716814,0.355752212,0.280530973,0.559109875,7.02600069128152,8.52400093028789,-50.67533,-46.12519,4.55014,1.35,-1.4,0.756214647,1,1,"no attempt"
"waal_0279",2018,31,416,"2018-03-10 11:53:00","BS11623_2018","Male",8.71875,1465.232364,4805.371445,22,0.320191159,0.303464755,0.376344086,0.446397188,7.2897691191128,8.47748962226676,-50.39728,-41.83859,8.55869,-0.03,2.4,-3.340833394,1,1,"failedrep"
"waal_0279",2018,31,415,"2018-02-03 15:49:00","BS11623_2018","Male",23.5,4183.186397,14617.79161,38,0.253215078,0.294456763,0.45232816,0.394299287,8.33882853105184,9.58999466922659,-54.84148,-41.72915,13.11233,1.02,-0.8,-3.340833394,1,1,"failedrep"
"waal_0288",2012,25,509,"2012-02-18 09:11:00","BS11675_2012","Male",8.802083333,613.7696203,2435.07406,24,0.582248521,0.259171598,0.158579882,0.620396601,6.41961964650001,7.79773244983856,-46.35893,-40.84575,5.51318,-1.53,0.8,-1.387997183,1,1,"no attempt"
"waal_0289",2011,24,72,"2011-01-30 09:53:00","BS11677_2011","Male",18.65625,1076.008476,6833.038786,59,0.461710453,0.302962549,0.235326998,0.562824507,6.98101361801412,8.82952477104156,-46.77343,-40.27007,6.50336,0.48,3.8,-2.374952291,1,1,"no attempt"
"waal_0289",2013,26,573,"2013-03-29 03:07:00","BS11677_2013_b","Male",1.447916667,149.2243332,420.252235,8,0.302158273,0.532374101,0.165467626,0.762886598,5.00545076562456,6.04085509053752,-46.35815,-45.35832355,0.99982645,2.31,2.5,-2.374952291,1,1,"no attempt"
"waal_0289",2013,26,571,"2013-03-19 04:16:00","BS11677_2013_b","Male",1.4375,154.1242069,613.7795627,2,0.248175182,0.598540146,0.153284672,0.796116505,5.03775881564807,6.4196358452807,-46.77194158,-46.33880438,0.433137199999997,2.31,2.5,-2.374952291,1,1,"no attempt"
"waal_0289",2013,26,572,"2013-03-22 11:30:00","BS11677_2013_b","Male",1.958333333,142.9244315,840.473137,4,0.160427807,0.689839572,0.14973262,0.821656051,4.96231603953149,6.73396499160026,-46.36562818,-45.31458653,1.05104165,2.31,2.5,-2.374952291,1,1,"no attempt"
"waal_0289",2013,26,574,"2013-04-01 10:33:00","BS11677_2013_b","Male",0.822916667,169.4813457,330.5706406,2,0.569620253,0.139240506,0.291139241,0.323529412,5.13274286589677,5.80082037503082,-46.35738,-45.17035884,1.18702116,-0.07,0.4,-2.374952291,1,1,"no attempt"
"waal_0293",2016,29,249,"2016-03-19 08:40:00","BS11697_2016","Male",5.947916667,2300.216269,5396.006697,8,0.156140351,0.252631579,0.59122807,0.299376299,7.7407584274967,8.5934144584314,-66.74005,-46.2037,20.53635,4.36,-0.1,2.223001083,1,0,"no attempt"
"waal_0293",2016,29,246,"2016-01-25 19:14:00","BS11697_2016","Male",8.708333333,1088.477216,3804.155782,24,0.364832536,0.388755981,0.246411483,0.612052731,6.99253494889834,8.24384937498239,-49.30188,-44.8257,4.47618,3.13,-3.6,2.223001083,1,0,"no attempt"
"waal_0293",2016,29,248,"2016-03-09 17:30:00","BS11697_2016","Male",3.78125,103.2317913,769.2303172,14,0.342541436,0.607734807,0.049723757,0.924369748,4.63697686084075,6.64539042687447,-46.34875,-45.55908,0.789670000000001,4.36,-0.1,2.223001083,1,0,"no attempt"
"waal_0293",2016,29,247,"2016-02-20 20:25:00","BS11697_2016","Male",10.59375,2990.50013,8462.00434,20,0.237204724,0.241141732,0.521653543,0.316129032,8.0031959199556,9.043341344161,-65.73147,-46.24486,19.48661,1.35,-3.2,2.223001083,1,0,"no attempt"
"waal_0338",2013,25,566,"2013-03-10 10:48:00","BS11827_2013","Male",10.02083333,219.9978973,3060.506796,20,0.364203954,0.590010406,0.04578564,0.927986907,5.39361798857941,8.02633580084086,-47.04495,-46.07395,0.970999999999997,2.31,2.5,0.533825602,1,1,"no attempt"
"waal_0338",2013,25,567,"2013-03-23 08:03:00","BS11827_2013","Male",2.25,139.2578582,723.5589113,4,0.404651163,0.525581395,0.069767442,0.8828125,4.93632730953113,6.5841819681886,-46.98657,-46.35322,0.63335,2.31,2.5,0.533825602,1,1,"no attempt"
"waal_0344",2011,23,86,"2011-02-04 12:53:00","BS11860_2011","Male",9.9375,897.8526678,3720.529347,33,0.382599581,0.416142558,0.201257862,0.674023769,6.80000598780387,8.2216212347245,-50.03693,-45.56259,4.47434,0.87,4.5,-0.181353869,1,0,"failedrep"
"waal_0344",2017,29,317,"2017-03-02 05:44:00","BS11860_2017","Male",5.1875,844.3832231,3194.286836,8,0.311871227,0.287726358,0.400402414,0.418128655,6.7386064473495,8.06911912937645,-46.35743,-42.93191,3.42552,-1.56,1.5,-0.181353869,1,0,"no attempt"
"waal_0344",2018,30,358,"2018-01-19 03:10:00","BS11860_2018","Male",6.260416667,451.2569272,1664.631202,26,0.415,0.463333333,0.121666667,0.792022792,6.112036860665,7.41735887757943,-46.43215,-44.27892,2.15323,2.72,1.8,-0.181353869,1,0,"failedrep"
"waal_0403",2013,23,710,"2013-03-03 10:53:00","BS12307_2013_b","Male",5.177083333,728.3053837,2891.099163,9,0.391129032,0.231854839,0.377016129,0.380794702,6.59072044334264,7.96939204201613,-52.90083,-45.06559,7.83524,2.31,2.5,-0.907415151,1,0,"failedrep"
"waal_0403",2013,23,109,"2013-03-03 10:53:00","BS12307_2013","Male",5.177083333,728.3053837,2891.099163,9,0.391129032,0.231854839,0.377016129,0.380794702,6.59072044334264,7.96939204201613,-52.90083,-45.06559,7.83524,2.31,2.5,-0.907415151,1,0,"failedrep"
"waal_0403",2014,24,116,"2014-01-23 06:14:00","BS12307_2014","Male",14.30208333,1307.947426,4943.570103,38,0.518221574,0.25728863,0.224489796,0.534039334,7.17621433701973,8.50584304208017,-50.36006,-43.93486,6.4252,-0.13,2.4,-0.907415151,1,1,"failedrep"
"waal_0403",2018,28,389,"2018-01-20 07:04:00","BS12307_2018","Male",23.96875,4325.702899,17427.41686,58,0.177826087,0.352173913,0.47,0.428344791,8.37232992616103,9.76579992672803,-67.74605,-45.63079,22.11526,2.72,1.8,-0.907415151,1,0,"no attempt"
"waal_0435",2011,21,101,"2011-03-01 08:34:00","BS12452_2011","Male",7.145833333,705.9348312,2931.330501,23,0.43877551,0.262390671,0.298833819,0.467532468,6.55952292615053,7.98321169484521,-47.05427,-43.05129,4.00298,-0.79,4.2,-0.852610598,1,1,"no attempt"
"waal_0435",2011,21,100,"2011-02-16 15:54:00","BS12452_2011","Male",6.520833333,561.4081791,2195.562252,22,0.3984,0.3952,0.2064,0.656914894,6.33044823293459,7.69419344396099,-49.47925,-45.88665,3.5926,0.87,4.5,-0.852610598,1,1,"no attempt"
"waal_0435",2018,28,384,"2018-01-20 05:54:00","BS12452_2018","Male",13.84375,1507.886046,8352.848299,35,0.228162651,0.432228916,0.339608434,0.56,7.31846397939963,9.03035787333156,-51.82566,-46.10273,5.72293,2.72,1.8,-0.852610598,1,1,"no attempt"
"waal_0452",2016,25,174,"2016-01-22 11:14:00","BS12526_2016","Male",6.864583333,792.7785055,2989.29941,25,0.378419453,0.348024316,0.273556231,0.5599022,6.67554387051403,8.00279432789282,-48.03572,-42.32167,5.71405,3.13,-3.6,-0.728599529,1,1,"no attempt"
"waal_0453",2013,22,75,"2013-02-23 08:54:00","BS12530_2013","Male",9.760416667,176.078265,3878.835128,24,0.334401709,0.514957265,0.150641026,0.773675762,5.17092858369397,8.26329016279858,-47.20963,-45.5299,1.67973,2.84,-0.4,-0.546531265,1,1,"no attempt"
"waal_0453",2017,26,318,"2017-02-26 12:12:00","BS12530_2017","Male",8.010416667,237.2523658,2403.24908,25,0.33984375,0.565104167,0.095052083,0.856015779,5.46912440920007,7.78457688413091,-46.91046,-45.73972,1.17074,-1.09,-0.1,-0.546531265,1,1,"no attempt"
"waal_0657",2013,21,580,"2013-03-17 08:39:00","BS18871_2013_b","Male",3.927083333,537.558694,2049.159307,13,0.342175066,0.315649867,0.342175066,0.47983871,6.28703795217967,7.62518489387451,-48.94644,-44.52481,4.42163,2.31,2.5,-2.006755402,1,1,"no attempt"
"waal_0657",2013,21,582,"2013-03-27 12:10:00","BS18871_2013_b","Male",2.604166667,85.54839702,331.9722245,9,0.58,0.388,0.032,0.923809524,4.44908226281608,5.80505130427212,-47.02984,-46.28782,0.742019999999997,2.31,2.5,-2.006755402,1,1,"no attempt"
"waal_0657",2013,21,579,"2013-03-01 08:28:00","BS18871_2013_b","Male",5.25,553.8162705,1954.294573,21,0.291666667,0.53968254,0.168650794,0.761904762,6.31683299004526,7.57778457507879,-47.01102632,-44.44457,2.56645632,2.31,2.5,-2.006755402,1,1,"no attempt"
"waal_0657",2013,21,581,"2013-03-23 04:18:00","BS18871_2013_b","Male",2.239583333,83.51955235,439.2799941,6,0.654205607,0.271028037,0.074766355,0.783783784,4.4250807643259,6.08513700953955,-46.55939,-46.07976,0.47963,2.31,2.5,-2.006755402,1,1,"no attempt"
"waal_0657",2019,27,475,"2019-02-14 12:06:00","BS18871_2019","Male",7.677083333,515.1268012,2607.405157,28,0.407608696,0.411684783,0.180706522,0.694954128,6.2444130862799,7.86611081305905,-48.67766,-45.21856,3.45910000000001,-1.87,-2.3,-2.006755402,1,1,"no attempt"
"waal_0657",2019,27,474,"2019-02-06 05:18:00","BS18871_2019","Male",5.291666667,423.7439681,1700.575014,19,0.40433925,0.477317554,0.118343195,0.801324503,6.04912942402108,7.43872171638227,-46.54392,-45.08772,1.4562,-1.87,-2.3,-2.006755402,1,1,"no attempt"
"waal_0660",2013,21,586,"2013-04-05 02:57:00","BS18882_2013_b","Male",2.270833333,455.470925,1303.196089,3,0.184331797,0.474654378,0.341013825,0.581920904,6.12133188370774,7.17257505620905,-48.98159,-46.24356,2.73802999999999,-0.07,0.4,-0.319166963,1,1,"no attempt"
"waal_0660",2013,21,584,"2013-03-27 17:46:00","BS18882_2013_b","Male",2.645833333,311.2630048,1348.266327,5,0.134387352,0.57312253,0.292490119,0.662100457,5.74063822939601,7.20657484391594,-47.63723,-45.29357,2.34366,2.31,2.5,-0.319166963,1,1,"no attempt"
"waal_0660",2013,21,583,"2013-03-20 10:28:00","BS18882_2013_b","Male",3.739583333,949.2746607,2184.815805,8,0.133704735,0.426183844,0.440111421,0.491961415,6.85569817791589,7.6892868042051,-46.35986,-39.53965,6.82021,2.31,2.5,-0.319166963,1,1,"no attempt"
"waal_0660",2013,21,585,"2013-03-31 12:47:00","BS18882_2013_b","Male",1.760416667,175.9757528,494.6809778,4,0.511904762,0.351190476,0.136904762,0.719512195,5.17034621736543,6.20391306550326,-46.36881,-44.85788,1.51093,2.31,2.5,-0.319166963,1,1,"no attempt"
"waal_0786",2018,25,364,"2018-01-18 09:55:00","BS19162_2018","Male",8.729166667,508.7123728,3008.676733,32,0.309438471,0.50776583,0.182795699,0.735294118,6.23188277392334,8.0092556374921,-49.95358,-44.64165,5.31193,2.72,1.8,-1.277259928,1,0,"no attempt"
"waal_0794",2013,20,73,"2013-02-24 13:16:00","BS19182_2013","Male",11.48958333,1726.902938,9309.141044,25,0.23118767,0.20942883,0.5593835,0.27240566,7.45408487390367,9.13875210436061,-51.62904,-41.89022,9.73882,2.84,-0.4,0.147040332,1,0,"no attempt"
"waal_0829",2010,17,528,"2010-02-08 12:59:00","BS19267_2010","Male",7.020833333,609.6623815,2456.96998,17,0.500742942,0.304606241,0.194650817,0.610119048,6.41290533099385,7.80668415429432,-48.43501,-46.03599,2.39902,-2.12,-2.4,2.075582341,1,1,"failedrep"
"waal_0829",2013,20,3,"2013-01-22 19:11:00","BS19267_2013","Male",4.427083333,177.2714464,1385.431967,16,0.375,0.509433962,0.115566038,0.81509434,5.17768215329742,7.2337672595247,-47.0767,-45.84116,1.23554,0.71,-0.1,2.075582341,1,1,"failedrep"
"waal_0831",2013,20,4,"2013-01-23 15:33:00","BS19273_2013","Male",3.885416667,646.4936328,2168.623137,14,0.370967742,0.274193548,0.35483871,0.435897436,6.47156334943952,7.68184774607644,-48.66567,-43.678,4.98767,0.71,-0.1,-0.244001341,1,1,"no attempt"
"waal_0836",2013,20,6,"2013-02-01 14:48:00","BS19280_2013","Male",1.645833333,150.2616342,782.3738681,3,0.242038217,0.598726115,0.159235669,0.789915966,5.01237800269713,6.66233271849514,-46.98453,-46.43039,0.554139999999997,2.84,-0.4,1.586610407,1,0,"failedrep"
"waal_0836",2013,20,5,"2013-01-29 04:18:00","BS19280_2013","Male",3.333333333,260.1896208,1009.605002,9,0.420062696,0.376175549,0.203761755,0.648648649,5.56141067596689,6.91731444621208,-46.97385,-45.35895,1.6149,0.71,-0.1,1.586610407,1,0,"failedrep"
"waal_0905",2013,19,544,"2013-02-17 00:55:00","BS19465_2013","Male",9.427083333,443.7993553,2638.965353,31,0.420353982,0.455752212,0.123893805,0.786259542,6.09537255781605,7.87814220758046,-46.99505,-45.33232,1.66273,2.84,-0.4,-1.921079474,1,1,"no attempt"
"waal_0912",2011,17,114,"2011-03-14 06:30:00","BS19477_2011","Male",5.291666667,2023.775619,5758.000989,7,0.071005917,0.266272189,0.662721893,0.286624204,7.61272016408405,8.65834564293313,-63.77919,-45.58167,18.19752,-0.79,4.2,-0.778249455,0,NA,"failedrep"
"waal_0912",2018,24,381,"2018-01-18 15:54:00","BS19477_2018","Male",7.864583333,779.5975648,3416.478224,30,0.324933687,0.399204244,0.275862069,0.591355599,6.65877784397537,8.13636554042619,-49.0321,-44.30715,4.72495,2.72,1.8,-0.778249455,1,1,"no attempt"
"waal_0913",2014,20,130,"2014-02-20 12:43:00","BS19479_2014","Male",8.802083333,802.0625345,3731.355883,23,0.347928994,0.434319527,0.217751479,0.666061706,6.68718657801878,8.22452695409172,-47.65282,-44.50574,3.14708,0.36,0.1,0.676064057,1,1,"no attempt"
"waal_0913",2014,20,131,"2014-03-11 09:52:00","BS19479_2014","Male",4,130.6660145,1494.687335,11,0.279373368,0.571801567,0.148825065,0.793478261,4.87264456003847,7.30967232348364,-46.99068,-45.29204,1.69864,1.34,-1.5,0.676064057,1,1,"no attempt"
"waal_0913",2014,20,132,"2014-03-20 20:49:00","BS19479_2014","Male",3.604166667,147.4868751,1789.974758,9,0.223188406,0.513043478,0.263768116,0.660447761,4.99373918944783,7.48995679705939,-46.9071,-45.37597,1.53113,1.34,-1.5,0.676064057,1,1,"no attempt"
"waal_0913",2016,22,281,"2016-01-16 03:47:00","BS19479_2016","Male",8.229166667,1232.363872,4980.413527,22,0.23164557,0.36835443,0.4,0.479406919,7.1166894511354,8.51326820412147,-49.70256,-43.62224,6.08032,3.13,-3.6,0.676064057,1,0,"no attempt"
"waal_0918",2010,16,149,"2010-01-15 14:42:00","BS19489_2010","Male",9.03125,1435.858223,4679.721447,34,0.370242215,0.279123414,0.350634371,0.443223443,7.2695180142326,8.45099386726852,-53.50946,-45.63006,7.8794,-0.4,-1.8,NA,1,1,"no attempt"
"waal_0919",2013,19,63,"2013-02-28 06:15:00","BS19490_2013","Male",11.05208333,140.2537997,3718.350531,24,0.288679245,0.613207547,0.098113208,0.862068966,4.94345363637093,8.22103544328868,-47.37411,-46.25591,1.1182,2.84,-0.4,0.871607025,1,0,"no attempt"
"waal_0950",2010,16,2,"2010-02-17 07:46:00","BS19573_2010","Male",8.8125,601.5069246,3124.197098,24,0.434319527,0.366863905,0.198816568,0.648535565,6.39943804756792,8.04693260051868,-48.21854843,-43.86915535,4.34939308,-2.12,-2.4,-1.640466125,1,1,"no attempt"
"waal_1033",2012,17,511,"2012-02-26 10:02:00","BS19800_2012","Male",13.73958333,1445.726357,8465.049302,32,0.229135053,0.413505311,0.357359636,0.536417323,7.27636714345484,9.04370111876764,-51.85847,-45.73854,6.11993,-1.53,0.8,-0.741898954,1,1,"no attempt"
"waal_1044",2015,20,171,"2015-01-21 08:15:00","BS19825_2015","Male",13.29166667,1611.228354,6976.189918,34,0.309803922,0.356078431,0.334117647,0.515909091,7.38475211987301,8.85025818970218,-60.61332,-45.66166,14.95166,1.35,-1.4,-1.031086302,1,1,"no attempt"
"waal_1052",2012,17,514,"2012-01-25 14:19:00","BS19850_2012","Male",8.020833333,478.0880077,1395.254652,25,0.688311688,0.197402597,0.114285714,0.633333333,6.16979483207129,7.24083222383249,-46.36457,-43.02042,3.34415,3.08,1.8,-1.171920603,1,1,"no attempt"
"waal_1052",2018,23,398,"2018-01-25 10:39:00","BS19850_2018","Male",19.83333333,1895.911459,11413.82101,39,0.267331933,0.370798319,0.361869748,0.50609319,7.54745498288488,9.34258026935463,-56.49418,-44.24438,12.2498,2.72,1.8,-1.171920603,1,1,"no attempt"
"waal_1105",2013,18,592,"2013-03-22 06:14:00","BS19985_2013_b","Male",1.96875,171.0141842,581.7168847,10,0.436170213,0.436170213,0.127659574,0.773584906,5.14174650160063,6.36598387696958,-46.42973,-45.20911,1.22062,2.31,2.5,-1.233111891,1,1,"no attempt"
"waal_1105",2013,18,593,"2013-03-29 07:51:00","BS19985_2013_b","Male",2.239583333,158.9435426,902.0356224,6,0.163551402,0.719626168,0.11682243,0.860335196,5.06854906117769,6.80465401196574,-46.97211,-46.29473,0.677379999999999,2.31,2.5,-1.233111891,1,1,"no attempt"
"waal_1105",2013,18,590,"2013-03-11 12:08:00","BS19985_2013_b","Male",2.6875,83.2214487,577.7811734,9,0.536964981,0.389105058,0.073929961,0.840336134,4.42150511147826,6.35919520425449,-46.9671,-46.43126,0.53584,2.31,2.5,-1.233111891,1,1,"no attempt"
"waal_1105",2013,18,591,"2013-03-16 10:37:00","BS19985_2013_b","Male",3.03125,489.3940704,1371.096863,6,0.396551724,0.324137931,0.279310345,0.537142857,6.19316803487469,7.22336632841601,-48.05947,-46.4308,1.62867,2.31,2.5,-1.233111891,1,1,"no attempt"
"waal_1142",2013,17,9,"2013-01-28 19:31:00","BS20071_2013","Male",7.760416667,556.6580107,2227.291206,25,0.452956989,0.375,0.172043011,0.685503686,6.32195106698108,7.70854142027146,-46.63082,-42.93856,3.69226,0.71,-0.1,1.10605734,1,0,"no attempt"
"waal_1143",2013,17,10,"2013-01-28 05:40:00","BS20075_2013","Male",11.64583333,2819.869696,10672.65772,26,0.113595707,0.313953488,0.572450805,0.354187689,7.94444595577238,9.27544039669111,-62.72179,-44,18.72179,0.71,-0.1,1.314235749,1,1,"failedrep"
"waal_1143",2018,NA,418,"2018-02-19 09:54:00","BS20075_2018","Male",12.92708333,2891.155911,10505.99538,28,0.236290323,0.216935484,0.546774194,0.28405491,7.96941167034427,9.2597013617651,-65.58718,-45.65729,19.92989,1.02,-0.8,1.314235749,NA,NA,NA
"waal_1143",2018,NA,417,"2018-01-31 11:44:00","BS20075_2018","Male",11.14583333,661.9299297,3610.22228,44,0.469597755,0.353601497,0.176800748,0.666666667,6.49515970396026,8.19152462283856,-47.39717,-43.8499,3.54727,2.72,1.8,1.314235749,NA,NA,NA
"waal_1143",2018,NA,419,"2018-03-13 05:35:00","BS20075_2018","Male",5.354166667,2176.585545,5926.787282,6,0.198830409,0.179337232,0.621832359,0.223844282,7.6855126641483,8.68723757148629,-64.25342,-45.17742,19.076,-0.03,2.4,1.314235749,NA,NA,NA
"waal_1146",2018,22,379,"2018-03-18 04:58:00","BS20087_2018","Male",2,89.1519861,774.9763113,5,0.345549738,0.486910995,0.167539267,0.744,4.49034262224383,6.65283246282168,-46.93653,-45.71225,1.22428,-0.03,2.4,-2.617117503,1,1,"no attempt"
"waal_1146",2018,22,380,"2018-03-22 15:03:00","BS20087_2018","Male",2.5625,216.9967089,1197.735754,7,0.293877551,0.436734694,0.269387755,0.61849711,5.379882187066,7.08818818172464,-47.07617,-44.5403,2.53587,-0.03,2.4,-2.617117503,1,1,"no attempt"
"waal_1161",2017,21,333,"2017-02-11 06:55:00","BS20173_2017","Male",11.27083333,2024.810223,10579.49377,14,0.123034228,0.276595745,0.600370028,0.315400844,7.61323125811189,9.26667285644146,-63.28999,-45.90932,17.38067,-1.09,-0.1,0.543123764,1,0,"no attempt"
"waal_1167",2018,21,376,"2018-03-22 13:01:00","BS20201_2018","Male",2.604166667,433.0239711,1424.020704,6,0.333333333,0.301204819,0.365461847,0.451807229,6.07079308697824,7.26123963119207,-47.31032,-43.97446,3.33586,-0.03,2.4,1.311373236,1,1,"no attempt"
"waal_1167",2018,21,375,"2018-03-18 05:33:00","BS20201_2018","Male",2.020833333,98.34816623,494.1021964,6,0.476683938,0.440414508,0.082901554,0.841584158,4.588513899313,6.20274237109582,-47.0425,-46.44619,0.596309999999995,-0.03,2.4,1.311373236,1,1,"no attempt"
"waal_1172",2020,24,492,"2020-01-20 12:02:00","BS20216_2020","Male",7.90625,557.4638,3175.963904,27,0.519104084,0.226613966,0.25428195,0.471232877,6.32339756849063,8.06336645706315,-48.90657,-43.70171,5.20486,0.57,0.3,-0.00673828,1,1,"no attempt"
"waal_1174",2018,22,373,"2018-02-22 13:17:00","BS20227_2018","Male",6.84375,1148.642348,3421.994556,27,0.299847793,0.372907154,0.327245053,0.532608696,7.04633595698265,8.13797886356835,-50.00186,-46.12275,3.87911,1.02,-0.8,-1.984198268,1,1,"no attempt"
"waal_1177",2016,20,182,"2016-01-13 11:14:00","BS20233_2016","Male",11.08333333,1480.80381,5301.526698,41,0.278457197,0.426152399,0.295390405,0.590612777,7.30034033418953,8.5757501142864,-51.16397,-45.42105,5.74292,3.13,-3.6,-2.206420397,0,NA,"no attempt"
"waal_1179",2016,20,276,"2016-01-18 05:37:00","BS20242_2016","Male",10.32291667,1138.327497,4397.620489,30,0.319838057,0.420040486,0.260121457,0.617559524,7.03731535623725,8.38881887566785,-49.43963,-45.7736,3.66603,3.13,-3.6,-0.124089647,1,0,"failedrep"
"waal_1235",2020,22,493,"2020-02-10 07:45:00","BS20479_2020","Male",22.05208333,2172.90892,15703.06511,52,0.284499055,0.283081285,0.43241966,0.395640687,7.68382206497395,9.66161120221782,-64.59152,-43.9344,20.65712,-0.36,-0.1,-0.40153876,1,1,"no attempt"
"waal_1239",2011,13,164,"2011-02-15 15:06:00","BS20487_2011","Male",5.989583333,255.4686151,1117.648902,26,0.546086957,0.370434783,0.083478261,0.816091954,5.54309956491666,7.0189825632489,-47.02549,-45.19536,1.83013,0.87,4.5,-1.073456933,1,1,"no attempt"
"waal_1241",2016,18,282,"2016-01-18 14:56:00","BS20489_2016","Male",12.52083333,1193.347265,6641.329711,35,0.269391159,0.356964137,0.373644704,0.488584475,7.08451746523949,8.80106748010231,-51.12502,-46.07095,5.05407,3.13,-3.6,-2.506250132,1,0,"no attempt"
"waal_1249",2013,15,61,"2013-03-09 06:43:00","BS20513_2013","Male",4.020833333,263.624938,1233.231281,14,0.38961039,0.436363636,0.174025974,0.714893617,5.57452740361636,7.1173930614055,-47.34927,-45.04143,2.30784,2.31,2.5,-0.677921732,1,1,"failedrep"
"waal_1249",2017,19,314,"2017-02-27 11:50:00","BS20513_2017","Male",4.802083333,239.0630275,1522.374566,18,0.341304348,0.552173913,0.106521739,0.838283828,5.47672723055437,7.32802660932636,-46.79268,-44.81878,1.9739,-1.09,-0.1,-0.677921732,1,1,"no attempt"
"waal_1251",2016,18,242,"2016-01-19 20:29:00","BS20517_2016","Male",6.604166667,999.1106765,4077.799819,11,0.186413902,0.385466035,0.428120063,0.473786408,6.90686555979938,8.31331286189619,-46.35953,-37.8173,8.54223,3.13,-3.6,-0.47215517,1,1,"no attempt"
"waal_1251",2016,18,244,"2016-03-01 11:48:00","BS20517_2016","Male",19.84375,1954.064246,14133.97562,22,0.070415134,0.491854966,0.4377299,0.529112493,7.57766671128433,9.55633679633068,-46.38363,-31.46018,14.92345,4.36,-0.1,-0.47215517,1,1,"no attempt"
"waal_1251",2016,18,245,"2016-03-24 15:44:00","BS20517_2016","Male",4.760416667,1089.705941,3367.211333,5,0.048140044,0.407002188,0.544857768,0.427586207,6.99366315992723,8.12184018315514,-46.63701,-40.1276,6.50941,4.36,-0.1,-0.47215517,1,1,"no attempt"
"waal_1251",2016,18,243,"2016-02-04 18:55:00","BS20517_2016","Male",13.82291667,1432.50417,8605.082644,24,0.164404223,0.421568627,0.414027149,0.504512635,7.26717935957942,9.06010831278313,-46.35913,-37.0927,9.26643,1.35,-3.2,-0.47215517,1,1,"no attempt"
"waal_1252",2011,13,179,"2011-02-01 13:33:00","BS20518_2011","Male",13.625,2686.736572,9428.781681,33,0.289977047,0.223412395,0.486610559,0.314655172,7.89608256584891,9.15152217120462,-60.32091,-44.77155,15.54936,0.87,4.5,-1.275272211,1,1,"no attempt"
"waal_1252",2013,15,54,"2013-02-06 12:41:00","BS20518_2013","Male",7.739583333,161.0298182,1673.472636,27,0.496635262,0.422611036,0.080753701,0.839572193,5.08158955404709,7.42265616915827,-46.94318,-45.21978,1.7234,2.84,-0.4,-1.275272211,1,0,"no attempt"
"waal_1252",2013,15,53,"2013-01-22 07:58:00","BS20518_2013","Male",7.916666667,1229.087333,4702.386159,21,0.330263158,0.282894737,0.386842105,0.422396857,7.11402716725293,8.45582535226971,-52.39412,-45.15676,7.23736,0.71,-0.1,-1.275272211,1,0,"no attempt"
"waal_1252",2014,16,121,"2014-03-02 16:33:00","BS20518_2014","Male",9.822916667,858.3493638,4249.131515,33,0.359872611,0.351380042,0.288747346,0.548922056,6.75501120052717,8.35446989162451,-51.34162,-44.42185,6.91977,1.34,-1.5,-1.275272211,1,1,"failedrep"
"waal_1252",2014,16,120,"2014-02-15 06:34:00","BS20518_2014","Male",4.166666667,217.5119601,1831.803617,15,0.192982456,0.614035088,0.192982456,0.760869565,5.38225383798242,7.51305634352748,-46.9695,-45.40187,1.56762999999999,0.36,0.1,-1.275272211,1,1,"failedrep"
"waal_1256",2016,18,188,"2016-01-16 05:32:00","BS20536_2016","Male",3.822916667,205.9260136,1061.888134,18,0.256830601,0.653005464,0.090163934,0.878676471,5.3275169469956,6.96780386103717,-46.90061,-45.733,1.16761,3.13,-3.6,-1.267443886,1,1,"failedrep"
"waal_1269",2013,14,595,"2013-03-20 05:06:00","BS20571_2013_b","Male",2.177083333,457.3252798,1208.808947,6,0.336538462,0.269230769,0.394230769,0.405797101,6.1253949096959,7.0973908124864,-46.35739,-44.23348,2.12391,2.31,2.5,0.071347264,1,1,"no attempt"
"waal_1269",2013,14,594,"2013-03-13 13:41:00","BS20571_2013_b","Male",2.9375,79.56733902,424.7633345,12,0.615658363,0.323843416,0.060498221,0.842592593,4.37660369482949,6.0515321538203,-46.78941,-45.72022,1.06919,2.31,2.5,0.071347264,1,1,"no attempt"
"waal_1269",2013,14,597,"2013-03-30 05:05:00","BS20571_2013_b","Male",1.020833333,77.3957844,176.3383883,4,0.597938144,0.329896907,0.072164948,0.820512821,4.34893231399612,5.17240480988705,-46.3573,-45.67243,0.684870000000004,2.31,2.5,0.071347264,1,1,"no attempt"
"waal_1269",2013,14,598,"2013-04-02 03:32:00","BS20571_2013_b","Male",3.010416667,548.470713,1755.554349,6,0.25,0.368055556,0.381944444,0.490740741,6.30713388357688,7.47053995440012,-46.93055,-45.08077,1.84978,-0.07,0.4,0.071347264,1,1,"no attempt"
"waal_1269",2013,14,596,"2013-03-24 11:56:00","BS20571_2013_b","Male",2.739583333,190.2704046,1123.694359,7,0.220532319,0.562737643,0.216730038,0.72195122,5.24844624250193,7.02437707087812,-46.74352,-45.21078,1.53274,2.31,2.5,0.071347264,1,1,"no attempt"
"waal_1270",2018,19,359,"2018-02-02 07:28:00","BS20575_2018","Male",8.21875,630.4594058,2832.857628,43,0.328680203,0.529187817,0.14213198,0.788279773,6.44644876919265,7.94904124371419,-46.33698,-44.40055,1.93642999999999,1.02,-0.8,-0.838833193,0,NA,"no attempt"
"waal_1271",2017,18,353,"2017-02-08 05:12:00","BS20578_2017","Male",11.21875,568.525007,3968.993254,49,0.362453532,0.481412639,0.156133829,0.755102041,6.34304529991006,8.28626775310916,-49.07817,-44.56553,4.51264,-1.09,-0.1,-0.622356547,1,1,"failedrep"
"waal_1273",2015,16,147,"2015-02-20 14:47:00","BS20583_2015","Male",9.197916667,673.1355133,2586.441269,27,0.565759637,0.22675737,0.207482993,0.522193211,6.51194666643307,7.8580381824392,-46.75562,-43.3169,3.43872,4.92,0.4,0.341498619,1,1,"no attempt"
"waal_1273",2015,16,146,"2015-02-05 23:46:00","BS20583_2015","Male",9.666666667,686.3661503,2972.286888,33,0.464940669,0.330097087,0.204962244,0.616935484,6.53141123212673,7.99708693146154,-46.74235,-43.8251,2.91725,4.92,0.4,0.341498619,1,1,"no attempt"
"waal_1282",2013,14,599,"2013-03-17 02:51:00","BS20601_2013_b","Male",4.0625,664.8355832,2333.907314,9,0.259640103,0.303341902,0.437017995,0.409722222,6.49953976677792,7.75529910083263,-49.90449,-44.34564,5.55885,2.31,2.5,1.660556442,1,1,"no attempt"
"waal_1282",2013,14,602,"2013-04-01 08:41:00","BS20601_2013_b","Male",3.729166667,688.105416,2005.367582,7,0.296918768,0.37535014,0.327731092,0.533864542,6.53394204712645,7.60358265560562,-46.65346,-40.51719,6.13627,-0.07,0.4,1.660556442,1,1,"no attempt"
"waal_1282",2013,14,601,"2013-03-27 11:19:00","BS20601_2013_b","Male",3.28125,937.3247744,2492.611408,4,0.066878981,0.385350318,0.547770701,0.412969283,6.84302983306855,7.82108619812897,-46.59793,-40.04412,6.55381,2.31,2.5,1.660556442,1,1,"no attempt"
"waal_1294",2015,16,156,"2015-01-19 17:53:00","BS20645_2015","Male",12.95833333,888.8780057,5782.268819,40,0.345132743,0.400643604,0.254223652,0.611793612,6.7899599996633,8.66255141388573,-48.79266,-43.12749,5.66517,1.35,-1.4,-0.571590441,1,1,"no attempt"
"waal_1294",2017,18,347,"2017-01-22 11:23:00","BS20645_2017","Male",6.760416667,141.8929926,1938.649937,18,0.395993837,0.469953775,0.134052388,0.778061224,4.95507320028279,7.56974710103758,-46.93714,-45.31781,1.61933,-1.12,0.3,-0.571590441,1,1,"no attempt"
"waal_1322",2016,17,287,"2016-01-21 14:48:00","BS20752_2016","Male",10,1198.896113,4993.558258,41,0.314196242,0.355949896,0.329853862,0.519025875,7.08915650656972,8.51590401238193,-48.81418,-41.10295,7.71123,3.13,-3.6,1.300278574,1,0,"failedrep"
"waal_1350",2013,20,608,"2013-03-30 05:12:00","BS21132_2013_b","Male",1.916666667,81.06513737,720.9173028,2,0.016304348,0.913043478,0.070652174,0.928176796,4.39525299656669,6.58052443278708,-46.97814,-46.40907,0.569070000000004,2.31,2.5,-0.872611652,1,1,"no attempt"
"waal_1350",2013,20,607,"2013-03-24 06:20:00","BS21132_2013_b","Male",1.854166667,48.55650917,316.7115296,12,NA,NA,NA,NA,3.88272825722327,5.75799135831294,-46.61717,-46.43203,0.185140000000004,2.31,2.5,-0.872611652,1,1,"no attempt"
"waal_1350",2013,20,606,"2013-03-19 15:05:00","BS21132_2013_b","Male",1.822916667,157.6308626,866.7510388,3,0.182857143,0.611428571,0.205714286,0.748251748,5.06025598693205,6.76475178306456,-46.98393,-46.43735,0.546579999999999,2.31,2.5,-0.872611652,1,1,"no attempt"
"waal_1377",2012,21,519,"2012-02-07 13:21:00","BS21163_2012","Male",6.052083333,215.7223058,1588.903288,18,0.446551724,0.432758621,0.120689655,0.781931464,5.37399195926783,7.37079930124834,-47.13656,-45.34247,1.79409,-1.53,0.8,-0.052062286,1,1,"no attempt"
"waal_1377",2012,21,518,"2012-01-25 15:53:00","BS21163_2012","Male",5.489583333,109.2821377,1035.426395,14,0.61026616,0.347908745,0.041825095,0.892682927,4.69393295730758,6.94256859670613,-47.10886,-46.33563,0.773229999999998,3.08,1.8,-0.052062286,1,1,"no attempt"
"waal_1396",2013,13,540,"2013-03-03 05:32:00","BS21214_2013","Male",7.979166667,1032.338718,4843.456098,16,0.250980392,0.350326797,0.39869281,0.467713787,6.93958210730699,8.48538381471883,-47.00681,-41.11217,5.89464,2.31,2.5,1.174639461,1,1,"no attempt"
"waal_1397",2018,18,433,"2018-02-01 10:36:00","BS21219_2018","Male",7.083333333,642.8823771,2593.705825,27,0.379970545,0.463917526,0.156111929,0.748218527,6.46596177919938,7.86084295250867,-46.95804,-44.29978,2.65826,1.02,-0.8,-1.110793617,1,1,"no attempt"
"waal_1397",2020,NA,494,"2020-01-20 10:33:00","BS21219_2020","Male",9.90625,1376.641693,4445.561161,27,0.403157895,0.326315789,0.270526316,0.546737213,7.22740225644446,8.39966138542404,-48.4895,-45.59348,2.89602,0.57,0.3,-1.110793617,NA,NA,NA
"waal_1398",2011,11,294,"2011-02-09 15:31:00","BS21220_2011","Male",5.447916667,104.8501324,610.8440077,25,0.509578544,0.454022989,0.036398467,0.92578125,4.65253202010345,6.41484162002869,-46.99665,-46.07364,0.923010000000005,0.87,4.5,-1.856732626,1,1,"failedrep"
"waal_1398",2018,18,372,"2018-02-09 13:48:00","BS21220_2018","Male",7.875,582.2661206,2212.35585,40,0.451655629,0.38013245,0.168211921,0.693236715,6.36692759511368,7.70181322221719,-48.31031,-44.55286,3.75745,1.02,-0.8,-1.856732626,1,1,"no attempt"
"waal_1399",2016,16,178,"2016-01-19 13:38:00","BS21221_2016","Male",10.59375,1393.446741,5033.168157,35,0.406496063,0.323818898,0.269685039,0.545605307,7.23953562660066,8.52380491710637,-49.80562,-43.20609,6.59952999999999,3.13,-3.6,1.70660164,1,0,"no attempt"
"waal_1400",2019,NA,481,"2019-01-26 06:31:00","BS21224_2019","Male",5.125,197.7381184,1066.510895,24,0.33401222,0.617107943,0.048879837,0.926605505,5.28694352089828,6.97214775351792,-46.96713,-46.33103,0.636099999999999,2.79,-0.1,-2.531953615,NA,NA,NA
"waal_1402",2013,13,76,"2013-02-23 14:21:00","BS21229_2013","Male",12.625,1418.314082,8759.760466,27,0.24360033,0.284062758,0.472336912,0.375545852,7.25722417903926,9.07792383949266,-56.43001,-45.76382,10.66619,2.84,-0.4,-0.689320962,1,1,"no attempt"
"waal_1411",2011,11,309,"2011-01-15 00:26:00","BS21262_2011","Male",11.63541667,629.2618463,3510.434945,35,0.449820789,0.370071685,0.180107527,0.672638436,6.44454745990099,8.16349522473738,-47.85671,-44.28473,3.57198,0.48,3.8,-0.123569818,1,1,"no attempt"
"waal_1414",2013,13,609,"2013-03-18 11:26:00","BS21268_2013_b","Male",2.614583333,548.1312437,1430.115426,6,0.296,0.324,0.38,0.460227273,6.30651475407639,7.26551043747899,-47.38463,-44.69699,2.68764,2.31,2.5,0.257432963,1,1,"failedrep"
"waal_1414",2013,13,610,"2013-03-25 16:25:00","BS21268_2013_b","Male",2.083333333,820.4650661,1889.589527,1,0.010050251,0.201005025,0.788944724,0.203045685,6.70987133326787,7.54411490298489,-46.35836,-40.47467,5.88368999999999,2.31,2.5,0.257432963,1,1,"failedrep"
"waal_1414",2013,13,611,"2013-03-31 10:44:00","BS21268_2013_b","Male",4.052083333,1069.796916,3443.42149,7,0.082262211,0.311053985,0.606683805,0.338935574,6.97522411131117,8.14422087524757,-46.35838,-39.57693,6.78145,2.31,2.5,0.257432963,1,1,"failedrep"
"waal_1436",2014,35,126,"2014-02-21 15:05:00","BS21341_2014","Male",15.63541667,3555.792324,10521.61388,33,0.33,0.189333333,0.480666667,0.282587065,8.17633319335355,9.26118688517188,-63.0215,-45.81974,17.20176,0.36,0.1,-0.330089088,1,1,"no attempt"
"waal_1448",2013,16,537,"2013-02-17 04:27:00","BS21368_2013","Male",13.95833333,1534.655376,6833.671924,41,0.378640777,0.292755788,0.328603435,0.471153846,7.3360611240658,8.82961742508449,-52.05472,-43.80195,8.25277000000001,2.84,-0.4,0.153779919,1,0,"no attempt"
"waal_1449",2012,15,520,"2012-02-26 02:38:00","BS21372_2012","Male",6.458333333,638.3593482,2473.930031,19,0.455573506,0.308562197,0.235864297,0.566765579,6.45890136647651,7.81356327082251,-48.59452,-45.31764,3.27688000000001,-1.53,0.8,3.04687705,1,1,"no attempt"
"waal_1451",2013,16,555,"2013-02-17 03:05:00","BS21377_2013","Male",10.1875,1857.261233,6443.92053,19,0.335721597,0.184237462,0.480040942,0.277349769,7.52685822620315,8.77089241181859,-54.97637,-38.72773,16.24864,2.84,-0.4,0.6839447,1,0,"no attempt"
"waal_1456",2015,18,157,"2015-02-12 15:06:00","BS21389_2015","Male",5.958333333,846.8889692,3484.958637,13,0.301225919,0.313485114,0.385288967,0.448621554,6.74156959892833,8.15621145425762,-47.91555,-44.93375,2.9818,4.92,0.4,-0.157708057,1,1,"no attempt"
"waal_1457",2010,13,539,"2010-02-09 15:43:00","BS21391_2010","Male",11.59375,440.0677823,2249.181075,53,0.524707996,0.399820305,0.075471698,0.84120983,6.08692876572954,7.71832146227986,-46.85479,-45.22051,1.63428,-2.12,-2.4,-0.015193422,1,1,"no attempt"
"waal_1457",2015,18,160,"2015-02-11 12:24:00","BS21391_2015","Male",12.23958333,1046.295898,4373.639346,45,0.387563884,0.420783646,0.19165247,0.687065369,6.95301148989762,8.38335074379055,-47.48704,-43.55616,3.93088,4.92,0.4,-0.015193422,1,1,"no attempt"
"waal_1460",2012,15,521,"2012-02-20 07:01:00","BS21396_2012","Male",11.875,1282.426093,6771.39597,32,0.402985075,0.208955224,0.388059701,0.35,7.15650894809396,8.8204625440593,-56.11834,-45.81365,10.30469,-1.53,0.8,1.661220515,1,1,"no attempt"
"waal_1469",2013,31,108,"2013-03-05 11:55:00","BS21415_2013","Male",9.96875,2187.521507,7117.572183,20,0.24790795,0.251046025,0.501046025,0.33379694,7.69052444995487,8.87032196072353,-63.27664,-46.22779,17.04885,2.31,2.5,-0.876009996,1,1,"no attempt"
"waal_1476",2016,16,289,"2016-01-26 02:53:00","BS21436_2016","Male",3.697916667,148.2769705,1325.932048,12,0.248587571,0.655367232,0.096045198,0.872180451,4.99908194713236,7.18987092358051,-46.96969,-46.02474,0.944949999999999,3.13,-3.6,-0.405372389,1,1,"no attempt"
"waal_1476",2016,16,290,"2016-02-13 15:32:00","BS21436_2016","Male",8.864583333,243.7750028,3650.163389,19,0.263219741,0.545240893,0.191539365,0.740031898,5.49624568020718,8.20252720968424,-46.9638,-45.41203,1.55177,1.35,-3.2,-0.405372389,1,1,"no attempt"
"waal_1504",2013,15,612,"2013-03-20 14:28:00","BS21516_2013_b","Male",2.614583333,640.1068143,1936.260966,6,0.148,0.264,0.588,0.309859155,6.46163505977166,7.5685140552399,-49.45083,-45.03496,4.41587000000001,2.31,2.5,-1.058768791,1,1,"no attempt"
"waal_1504",2013,15,614,"2013-03-30 11:09:00","BS21516_2013_b","Male",2.020833333,575.168601,1979.086471,3,0.088082902,0.139896373,0.772020725,0.153409091,6.35466321694746,7.59039063893804,-50.26578,-42.72339,7.54239,2.31,2.5,-1.058768791,1,1,"no attempt"
"waal_1504",2013,15,615,"2013-04-05 05:00:00","BS21516_2013_b","Male",2.260416667,646.7833922,1711.04404,3,0.212962963,0.268518519,0.518518519,0.341176471,6.47201145050255,7.44485901289467,-49.35428,-46.06961,3.28467000000001,-0.07,0.4,-1.058768791,1,1,"no attempt"
"waal_1504",2013,15,613,"2013-03-27 03:36:00","BS21516_2013_b","Male",2.3125,82.4692604,508.4759179,5,0.524886878,0.393665158,0.081447964,0.828571429,4.41242562269543,6.23141785527176,-47.00593,-46.05122,0.954709999999999,2.31,2.5,-1.058768791,1,1,"no attempt"
"waal_1542",2011,13,360,"2011-01-15 14:06:00","BS21606_2011","Male",3.84375,221.1710594,1297.18337,11,0.263586957,0.597826087,0.138586957,0.811808118,5.39893642654972,7.16795055443116,-46.98607,-44.99285,1.99322,0.48,3.8,-1.548105904,1,1,"no attempt"
"waal_1542",2013,15,67,"2013-01-30 05:41:00","BS21606_2013","Male",7.885416667,454.5223452,1914.628658,27,0.478835979,0.423280423,0.097883598,0.812182741,6.11924707676544,7.55727897053979,-46.95286,-44.88792,2.06494,0.71,-0.1,-1.548105904,1,1,"no attempt"
"waal_1542",2013,15,66,"2013-01-17 15:30:00","BS21606_2013","Male",3.666666667,195.6756217,920.9235741,13,0.403409091,0.494318182,0.102272727,0.828571429,5.27645829689296,6.82537705137893,-47.06829,-45.73295,1.33534,0.71,-0.1,-1.548105904,1,1,"no attempt"
"waal_4625",2011,NA,374,"2011-01-29 11:01:00","BS21617_2011","Male",15.58333333,1689.270608,8386.906235,43,0.280748663,0.372326203,0.346925134,0.517657993,7.43205212185469,9.03442698711984,-46.35828,-32.56354,13.79474,0.48,3.8,-1.859178186,NA,NA,NA
"waal_4625",2012,NA,523,"2012-02-27 10:47:00","BS21617_2012","Male",4.78125,104.2310947,1101.891439,12,0.473799127,0.443231441,0.082969432,0.842323651,4.64661049843042,7.00478347215599,-46.82708,-45.61512,1.21196,-1.53,0.8,-1.859178186,NA,NA,NA
"waal_1557",2011,19,388,"2011-01-27 14:04:00","BS21632_2011","Male",7.604166667,300.1210936,2395.578152,22,0.414266118,0.399176955,0.186556927,0.681498829,5.70418603854667,7.78137988029529,-46.98325,-45.23346,1.74979,0.48,3.8,0.484268057,1,1,"no attempt"
"waal_1557",2018,26,435,"2018-01-16 16:09:00","BS21632_2018","Male",12.77083333,1193.039188,4598.824935,48,0.372244898,0.427755102,0.2,0.681404421,7.08425926984007,8.43355610093151,-51.27438,-45.93669,5.33769,2.72,1.8,0.484268057,0,NA,"no attempt"
"waal_1558",2019,27,463,"2019-02-02 09:18:00","BS21633_2019","Male",4.041666667,128.2282288,656.3971047,25,0.585051546,0.37628866,0.038659794,0.906832298,4.85381171369529,6.48676594832869,-46.93801,-45.37711,1.5609,-1.87,-2.3,-1.961825982,1,1,"no attempt"
"waal_1681",2018,17,366,"2018-02-24 10:21:00","BS22691_2018","Male",16.95833333,1758.94478,10556.02023,37,0.185003073,0.416717886,0.398279041,0.511312217,7.47246935140795,9.264451614067,-50.94579,-42.6216,8.32419,1.02,-0.8,-0.341350681,1,1,"no attempt"
"waal_1690",2016,15,252,"2016-03-20 15:18:00","BS22732_2016","Male",3.645833333,766.1224003,2123.27338,12,0.249283668,0.289398281,0.461318052,0.385496183,6.64134194848965,7.66071422402066,-48.39731,-44.48252,3.91479,4.36,-0.1,-2.158182929,1,1,"no attempt"
"waal_1690",2016,15,250,"2016-01-24 18:38:00","BS22732_2016","Male",9.635416667,1106.980372,4238.572007,30,0.356756757,0.378378378,0.264864865,0.588235294,7.00939120174747,8.35198170069736,-48.68493,-43.82587,4.85906,3.13,-3.6,-2.158182929,1,1,"no attempt"
"waal_1690",2016,15,251,"2016-02-13 10:14:00","BS22732_2016","Male",16.20833333,3256.029539,10905.13928,33,0.252733119,0.245659164,0.501607717,0.328743546,8.08826379925573,9.29698945067705,-58.54717,-43.88232,14.66485,1.35,-3.2,-2.158182929,1,1,"no attempt"
"waal_1769",2016,14,195,"2016-01-23 11:14:00","BS22930_2016","Male",5.78125,221.2438165,2069.945473,18,0.410810811,0.468468468,0.120720721,0.795107034,5.39926533547489,7.63527754436658,-47.06449,-45.15479,1.9097,3.13,-3.6,-2.127821622,1,1,"no attempt"
"waal_1770",2016,14,279,"2016-01-21 14:39:00","BS22936_2016","Male",4.010416667,351.0350575,1277.810648,17,0.438961039,0.38961039,0.171428571,0.694444444,5.86088609739568,7.15290346120599,-46.37861,-44.56405,1.81456,3.13,-3.6,0.899984646,1,1,"failedrep"
"waal_1770",2019,17,460,"2019-01-28 14:51:00","BS22936_2019","Male",5.041666667,129.7146971,903.0005322,25,0.467908903,0.492753623,0.039337474,0.926070039,4.86533740101672,6.80572314278558,-46.84203,-45.36058,1.48145,2.79,-0.1,0.899984646,1,1,"failedrep"
"waal_1846",2014,33,134,"2014-02-25 09:30:00","BS23199_2014","Male",12.82291667,906.3520282,4582.972589,35,0.467479675,0.327642276,0.204878049,0.615267176,6.80942778267329,8.43010310347444,-47.08616,-44.55542,2.53074,0.36,0.1,-0.125441941,1,1,"no attempt"
"waal_1852",2016,31,226,"2016-03-01 10:31:00","BS23205_2016","Male",5.041666667,140.6643128,2017.418259,10,0.260330579,0.568181818,0.171487603,0.768156425,4.9463762915786,7.60957388333818,-47.18359,-45.10257,2.08102,4.36,-0.1,-1.176569137,1,0,"no attempt"
"waal_1852",2016,31,225,"2016-02-02 19:41:00","BS23205_2016","Male",17.5,3163.028383,15245.36083,29,0.170238095,0.267857143,0.561904762,0.322812052,8.05928519670832,9.6320305278861,-63.8157,-45.37871,18.43699,1.35,-3.2,-1.176569137,1,0,"no attempt"
"waal_1852",2016,31,224,"2016-01-24 16:11:00","BS23205_2016","Male",1.625,85.24009789,963.8145768,1,0.24516129,0.548387097,0.206451613,0.726495726,4.44547195563426,6.87089892839151,-46.98275,-45.67264,1.31011,3.13,-3.6,-1.176569137,1,0,"no attempt"
"waal_1852",2016,31,227,"2016-03-17 12:39:00","BS23205_2016","Male",15.75,2934.82913,15075.31907,21,0.154202515,0.222369292,0.623428193,0.262910798,7.98440451250954,9.6208141868772,-64.92388,-45.32181,19.60207,4.36,-0.1,-1.176569137,1,0,"no attempt"
"waal_1853",2019,38,462,"2019-02-18 12:24:00","BS23206_2019","Male",15.59375,1159.23534,5786.931197,50,0.308823529,0.567513369,0.123663102,0.821083172,7.05551587708421,8.66335741226867,-50.58957,-46.2631,4.32647,-1.87,-2.3,-0.127227314,1,1,"no attempt"
"waal_1856",2013,31,19,"2013-02-01 15:21:00","BS23210_2013","Male",3.96875,265.8424052,1025.581318,19,0.347368421,0.486842105,0.165789474,0.745967742,5.58290367155281,6.93301487032187,-46.81585,-45.09,1.72584999999999,2.84,-0.4,-2.948835688,1,1,"no attempt"
"waal_1856",2013,31,18,"2013-01-25 06:24:00","BS23210_2013","Male",3.375,104.9981146,774.7021006,15,0.281733746,0.665634675,0.052631579,0.926724138,4.65394239380583,6.65247856913541,-47.09,-46.4026,0.687400000000004,0.71,-0.1,-2.948835688,1,1,"no attempt"
"waal_1881",2011,28,422,"2011-02-15 17:03:00","BS23242_2011","Male",4.71875,70.4062568,441.0705425,17,0.67699115,0.300884956,0.022123894,0.931506849,4.25428213421485,6.08920482297202,-46.58167,-45.87262,0.709050000000005,0.87,4.5,0.667592601,1,1,"no attempt"
"waal_1881",2011,28,423,"2011-02-20 12:51:00","BS23242_2011","Male",1.625,75.82563881,235.9247184,9,0.574193548,0.361290323,0.064516129,0.848484848,4.32843647833309,5.46351276430702,-46.99323,-46.25278,0.740449999999996,0.87,4.5,0.667592601,1,1,"no attempt"
"waal_1881",2013,30,87,"2013-02-23 12:44:00","BS23242_2013","Male",14.82291667,1367.477374,10401.61397,27,0.158931083,0.425457103,0.415611814,0.505852843,7.22072298863823,9.24971626251191,-57.19014,-45.44303,11.74711,2.84,-0.4,0.667592601,1,1,"no attempt"
"waal_1881",2016,33,254,"2016-03-14 10:49:00","BS23242_2016","Male",16.0625,2596.040299,12765.67952,22,0.155642023,0.326848249,0.517509728,0.387096774,7.86174260120118,9.4545155613179,-63.30267,-36.01389,27.28878,4.36,-0.1,0.667592601,1,1,"failedrep"
"waal_1881",2016,33,256,"2016-04-09 13:12:00","BS23242_2016","Male",1.822916667,187.4092872,959.0520347,5,0.108571429,0.605714286,0.285714286,0.679487179,5.23329492674071,6.86594533274409,-46.98061,-45.25053,1.73008,1.06,-2,0.667592601,1,1,"failedrep"
"waal_1881",2016,33,253,"2016-01-29 14:27:00","BS23242_2016","Male",15.59375,1629.449002,7727.127753,38,0.3090301,0.413377926,0.277591973,0.598257502,7.39599720107108,8.95249250112161,-50.05612,-32.61159,17.44453,3.13,-3.6,0.667592601,1,1,"failedrep"
"waal_1881",2016,33,255,"2016-04-02 16:47:00","BS23242_2016","Male",2.552083333,192.6619581,1484.165655,6,0.232653061,0.453061224,0.314285714,0.590425532,5.2609371407783,7.30260804485595,-47.04124,-46.04987,0.991370000000003,1.06,-2,0.667592601,1,1,"failedrep"
"waal_1906",2012,9,527,"2012-02-19 12:36:00","BS23574_2012","Male",16.78125,3948.987783,13703.82223,29,0.200621118,0.295031056,0.504347826,0.369075369,8.28121456758726,9.52543006779489,-57.54921,-41.96538,15.58383,-1.53,0.8,-0.791276696,1,1,"no attempt"
"waal_1906",2017,14,308,"2017-01-29 05:24:00","BS23574_2017","Male",18.29166667,2167.295001,9920.312127,40,0.353276353,0.283760684,0.362962963,0.43876652,7.68123512563515,9.20233966419925,-54.37241,-36.41878,17.95363,-1.12,0.3,-0.791276696,1,1,"no attempt"
"waal_1951",2018,39,397,"2018-01-25 14:31:00","BS23649_2018","Male",27.08333333,2750.119389,14975.17149,82,0.368745189,0.255966128,0.375288684,0.405487805,7.91939960390007,9.614148874671,-67.26979,-46.34759,20.9222,2.72,1.8,-1.225553655,1,0,"no attempt"
"waal_1956",2013,31,41,"2013-03-03 07:17:00","BS23661_2013","Male",5.125,207.8689598,1160.527019,19,0.534552846,0.37601626,0.089430894,0.807860262,5.33690788020578,7.05662950764941,-47.21507,-45.80243,1.41264,2.31,2.5,-1.239081,1,0,"failedrep"
"waal_1956",2017,35,298,"2017-02-06 06:48:00","BS23661_2017","Male",13.95833333,902.4911176,6218.915629,41,0.27184466,0.563106796,0.165048544,0.773333333,6.80515884816414,8.73535083436127,-49.48006,-45.90254,3.57752,-1.09,-0.1,-1.239081,1,0,"no attempt"
"waal_1956",2017,35,297,"2017-01-16 22:45:00","BS23661_2017","Male",9.145833333,925.2444234,4576.465782,16,0.435575827,0.230330673,0.334093501,0.408080808,6.8300579441203,8.42868231590406,-48.79464,-43.78988,5.00476,-1.12,0.3,-1.239081,1,0,"no attempt"
"waal_2020",2012,9,529,"2012-02-20 08:23:00","BS25140_2012","Male",6.802083333,173.7985621,2900.536828,12,0.345092025,0.487730061,0.167177914,0.744730679,5.15789693949442,7.9726511119467,-47.14577,-45.46702,1.67875,-1.53,0.8,1.15882769,1,0,"no attempt"
"waal_2020",2013,10,84,"2013-01-30 09:24:00","BS25140_2013","Male",5.916666667,428.7710756,1732.852896,21,0.425044092,0.407407407,0.167548501,0.708588957,6.0609231531904,7.4575244020966,-47.2495,-45.19812,2.05137999999999,0.71,-0.1,1.15882769,1,1,"failedrep"
"waal_2020",2013,10,83,"2013-01-21 03:17:00","BS25140_2013","Male",5.25,261.6531998,1520.313634,21,0.383697813,0.510934394,0.105367793,0.829032258,5.56701996205741,7.32667193071343,-47.10245,-44.88648,2.21597,0.71,-0.1,1.15882769,1,1,"failedrep"
"waal_2020",2013,10,85,"2013-02-14 05:58:00","BS25140_2013","Male",6.239583333,541.0229884,2190.981568,18,0.414715719,0.381270903,0.204013378,0.651428571,6.29346177036515,7.69210492696309,-47.57479,-44.49337,3.08142,2.84,-0.4,1.15882769,1,1,"failedrep"
"waal_2022",2016,13,184,"2016-01-13 13:51:00","BS25143_2016","Male",2.979166667,342.2006045,1689.860137,7,0.252631579,0.354385965,0.392982456,0.474178404,5.83539712796735,7.43240104532079,-48.87019,-43.28041,5.58978,3.13,-3.6,0.414057778,1,1,"no attempt"
"waal_2032",2013,10,649,"2013-03-31 10:03:00","BS25167_2013_b","Male",2.052083333,177.9653181,647.5964895,7,0.255102041,0.602040816,0.142857143,0.808219178,5.18158868917306,6.47326780100435,-46.87641,-46.28732,0.589089999999999,2.31,2.5,0.655763877,1,1,"no attempt"
"waal_2032",2013,10,647,"2013-03-21 06:50:00","BS25167_2013_b","Male",2.927083333,182.544735,1144.103051,10,0.232142857,0.557142857,0.210714286,0.725581395,5.20699526627241,7.04237624742828,-46.9294,-45.21659,1.71281,2.31,2.5,0.655763877,1,1,"no attempt"
"waal_2032",2013,10,648,"2013-03-26 10:43:00","BS25167_2013_b","Male",1.90625,77.8174878,315.0429189,7,0.590163934,0.366120219,0.043715847,0.893333333,4.35436618484566,5.75270888002057,-46.92002,-46.15077,0.76925,2.31,2.5,0.655763877,1,1,"no attempt"
"waal_2042",2016,19,181,"2016-01-16 06:24:00","BS25196_2016","Male",2.979166667,341.6456948,1194.791791,9,0.424561404,0.350877193,0.224561404,0.609756098,5.83377421994733,7.08572721571239,-46.34461,-43.29395,3.05066,3.13,-3.6,1.179269207,1,1,"no attempt"
"waal_2044",2012,39,530,"2012-03-05 11:12:00","BS25198_2012","Male",3,257.9799569,1481.614638,6,0.128919861,0.648083624,0.222996516,0.744,5.55288189546976,7.30088774370272,-47.71026,-45.42482,2.28544,0.48,1.2,0.259854547,1,0,"no attempt"
"waal_2045",2018,34,434,"2018-02-19 06:26:00","BS25199_2018","Male",4.979166667,109.0941243,646.5350455,30,0.593291405,0.371069182,0.035639413,0.912371134,4.69221103529341,6.47162740478602,-46.33587,-45.55418,0.781689999999998,1.02,-0.8,-1.809212499,1,1,"no attempt"
"waal_2049",2015,33,148,"2015-01-19 13:47:00","BS25203_2015","Male",11.23958333,1463.40609,7128.114201,30,0.320334262,0.282265552,0.397400186,0.415300546,7.28852193598289,8.87180199048695,-59.28273,-46.15761,13.12512,1.35,-1.4,-1.152592515,1,1,"failedrep"
"waal_2050",2013,32,651,"2013-03-25 06:03:00","BS25204_2013_b","Male",1.1875,194.0026521,607.789984,1,0.185840708,0.601769912,0.212389381,0.739130435,5.26787182958844,6.40982940124194,-46.35789,-44.97367,1.38422,2.31,2.5,0.418363576,1,1,"failedrep"
"waal_2050",2013,32,650,"2013-03-18 02:07:00","BS25204_2013_b","Male",2.385416667,152.8647483,1208.485351,4,0.271929825,0.464912281,0.263157895,0.638554217,5.02955353239653,7.09712307843168,-46.97336,-45.34511,1.62825,2.31,2.5,0.418363576,1,1,"failedrep"
"waal_2050",2013,32,652,"2013-03-29 13:20:00","BS25204_2013_b","Male",1.5625,119.6795068,372.1615588,5,0.466666667,0.453333333,0.08,0.85,4.78481739322837,5.91932805784259,-46.35786,-45.44815,0.909710000000004,2.31,2.5,0.418363576,1,1,"failedrep"
"waal_2051",2014,29,140,"2014-03-09 19:26:00","BS25205_2014","Male",3.8125,396.0974578,1450.953708,11,0.282191781,0.495890411,0.221917808,0.690839695,5.98166028653103,7.27997634886044,-46.79897,-45.30194,1.49703,1.34,-1.5,-0.173445651,1,1,"no attempt"
"waal_2051",2014,29,142,"2014-03-19 14:56:00","BS25205_2014","Male",1.958333333,314.2286879,1039.060436,8,0.276595745,0.372340426,0.35106383,0.514705882,5.75012102623658,6.94607215687629,-47.00281,-45.81595,1.18686,1.34,-1.5,-0.173445651,1,1,"no attempt"
"waal_2051",2014,29,143,"2014-03-23 16:37:00","BS25205_2014","Male",1.979166667,212.9605714,1098.785655,3,0.084210526,0.568421053,0.347368421,0.620689655,5.36110703777618,7.00196089898483,-46.88151,-45.36789,1.51362,1.34,-1.5,-0.173445651,1,1,"no attempt"
"waal_2051",2014,29,141,"2014-03-15 07:30:00","BS25205_2014","Male",2.260416667,212.9254549,942.7833088,7,0.198156682,0.557603687,0.244239631,0.695402299,5.36094212745788,6.84883646704442,-46.70015,-45.89837,0.801780000000001,1.34,-1.5,-0.173445651,1,1,"no attempt"
"waal_2051",2014,29,144,"2014-03-27 12:11:00","BS25205_2014","Male",2.927083333,757.9436618,2118.57445,7,0.192170819,0.298932384,0.508896797,0.370044053,6.63060905807804,7.65849871223883,-47.36381,-45.63788,1.72593,1.34,-1.5,-0.173445651,1,1,"no attempt"
"waal_2051",2018,33,442,"2018-01-17 15:22:00","BS25205_2018","Male",19.41666667,2993.657259,12518.29306,66,0.258722491,0.326355341,0.414922169,0.440260681,8.0042510824748,9.43494629829864,-60.55932,-44.33712,16.2222,2.72,1.8,-0.173445651,1,0,"no attempt"
"waal_2053",2018,36,391,"2018-01-20 10:34:00","BS25207_2018","Male",13.60416667,1754.601796,6368.83336,48,0.324137931,0.365517241,0.310344828,0.540816327,7.46999721328888,8.75917158579607,-56.84937,-44.15626,12.69311,2.72,1.8,-0.116961612,1,0,"no attempt"
"waal_2067",2013,33,94,"2013-02-25 15:37:00","BS25223_2013","Male",15.65625,3132.029923,14780.95888,18,0.127829561,0.26298269,0.60918775,0.301526718,8.04943661102419,9.6010950692584,-65.80265,-45.6964,20.10625,2.84,-0.4,-1.212423808,1,1,"no attempt"
"waal_2080",2018,38,413,"2018-03-08 04:19:00","BS25238_2018","Male",4.197916667,274.300799,1071.303602,15,0.569651741,0.298507463,0.131840796,0.693641618,5.61422531080844,6.976631505533,-47.05341,-46.10461,0.948799999999999,-0.03,2.4,-1.136805371,1,1,"no attempt"
"waal_2080",2018,38,412,"2018-02-03 16:03:00","BS25238_2018","Male",22.48958333,5067.53621,16206.70641,50,0.307692308,0.227062095,0.465245598,0.327978581,8.5306100238359,9.69318041148201,-67.10013,-46.43126,20.66887,1.02,-0.8,-1.136805371,1,1,"no attempt"
"waal_2117",2018,38,420,"2018-02-11 12:12:00","BS25295_2018","Male",18.84375,2958.768877,13792.57136,36,0.280818132,0.227750138,0.49143173,0.316679477,7.99252854086699,9.53188541895956,-66.49363,-46.43094,20.06269,1.02,-0.8,-1.229975637,1,1,"no attempt"
"waal_2117",2018,38,421,"2018-03-13 05:31:00","BS25295_2018","Male",3.375,166.8454783,1308.903549,9,0.306501548,0.547987616,0.145510836,0.790178571,5.11706810444059,7.17694508023108,-46.91235,-46.39934,0.513010000000001,-0.03,2.4,-1.229975637,1,1,"no attempt"
"waal_2154",2013,34,22,"2013-01-26 17:15:00","BS25335_2013","Male",10.67708333,1648.023211,8351.232625,27,0.208414873,0.252446184,0.539138943,0.318912237,7.40733179471489,9.03016442671066,-60.75194,-44.84892,15.90302,0.71,-0.1,1.322746271,1,1,"no attempt"
"waal_2196",2014,30,706,"2014-04-13 11:25:00","BS25394_2014_b","Male",1.208333333,81.06676514,801.2446361,2,0.043103448,0.448275862,0.50862069,0.468468468,4.39527307614356,6.6861663137975,-46.98939,-45.68306,1.30633,1.18,1.3,-0.293782011,1,1,"no attempt"
"waal_2219",2018,38,404,"2018-02-08 04:02:00","BS25418_2018","Male",6.354166667,121.6334218,717.4618517,27,0.606557377,0.357377049,0.036065574,0.908333333,4.80101178209658,6.57571977785792,-46.87754,-46.29405,0.583490000000005,1.02,-0.8,0.098760646,1,1,"no attempt"
"waal_2220",2014,33,123,"2014-02-10 23:05:00","BS25419_2014","Male",12.25,1250.878047,5966.504748,34,0.309199319,0.352640545,0.338160136,0.510480888,7.13160102130253,8.69391656558581,-49.78454,-46.13316,3.65138,0.36,0.1,-1.949374835,1,1,"no attempt"
"waal_2265",2013,9,26,"2013-03-23 07:13:00","BS25526_2013","Male",1.927083333,175.9353632,859.7501251,5,0.440217391,0.326086957,0.233695652,0.582524272,5.17011667303823,6.75664179481978,-46.71218,-46.26,0.452179999999998,2.31,2.5,1.959374431,1,1,"no attempt"
"waal_2265",2013,9,25,"2013-03-08 04:46:00","BS25526_2013","Male",12.27083333,2253.734009,8816.595219,25,0.253186066,0.23364486,0.513169074,0.312855518,7.72034367920672,9.0843910448804,-60.12267,-42.35061,17.77206,2.31,2.5,1.959374431,1,1,"no attempt"
"waal_2271",2013,9,546,"2013-02-15 10:56:00","BS25541_2013","Male",11.19791667,2521.731487,8730.850232,19,0.134078212,0.362197393,0.503724395,0.41827957,7.83270104257757,9.07461803607303,-65.76438,-45.74669,20.01769,2.84,-0.4,0.60737037,1,0,"no attempt"
"waal_4626",2017,NA,330,"2017-02-08 05:55:00","BS25576_2017","Male",6.385416667,343.650264,2117.245524,26,0.363784666,0.500815661,0.135399674,0.787179487,5.8396244657908,7.65787124173642,-48.01457,-45.33708,2.67749,-1.09,-0.1,NA,NA,NA,NA
"waal_2287",2013,9,28,"2013-03-24 11:03:00","BS25577_2013","Male",3.90625,1049.73163,2652.633363,7,0.245989305,0.200534759,0.553475936,0.265957447,6.95628982000657,7.88330814745232,-49.86073,-44.8731,4.98763,2.31,2.5,0.200998053,1,1,"no attempt"
"waal_2287",2013,9,27,"2013-03-10 04:47:00","BS25577_2013","Male",10.95833333,1460.747797,6558.528954,22,0.276879163,0.360608944,0.362511893,0.498684211,7.28670377330402,8.78852161197443,-50.53178,-40.87121,9.66057,2.31,2.5,0.200998053,1,1,"no attempt"
"waal_2287",2017,13,322,"2017-02-26 12:12:00","BS25577_2017","Male",8.708333333,864.5412558,3836.311156,30,0.320958084,0.439520958,0.239520958,0.647266314,6.76219902613621,8.25226654741653,-47.02551,-42.26074,4.76477,-1.09,-0.1,0.200998053,1,1,"no attempt"
"waal_2354",2013,24,39,"2013-03-05 04:43:00","BS25747_2013","Male",6.21875,566.2190273,2160.854137,18,0.454697987,0.367449664,0.177852349,0.673846154,6.33898097737631,7.67825885631117,-46.89167,-44.44173,2.44994,2.31,2.5,-0.953821652,1,1,"no attempt"
"waal_2358",2013,32,105,"2013-03-01 09:54:00","BS25751_2013","Male",4.1875,209.0732655,813.2524569,20,0.493765586,0.418952618,0.087281796,0.827586207,5.34268474316717,6.70104158643712,-46.96812,-45.7327,1.23542,2.31,2.5,1.482266473,1,1,"no attempt"
"waal_2364",2017,31,345,"2017-01-22 12:49:00","BS25757_2017","Male",7.59375,1239.877768,4176.736131,22,0.385989011,0.309065934,0.304945055,0.503355705,7.12276807954678,8.33728539060804,-49.81623,-44.18685,5.62938,-1.12,0.3,0.607360883,1,0,"no attempt"
"waal_2364",2019,33,461,"2019-02-03 17:30:00","BS25757_2019","Male",12.61458333,116.5654664,2002.985992,55,0.468208092,0.514450867,0.01734104,0.967391304,4.75845305852236,7.60239434213163,-46.87229,-45.36507,1.50722,-1.87,-2.3,0.607360883,0,NA,"failedrep"
"waal_2373",2018,12,370,"2018-03-27 08:54:00","BS25768_2018","Male",3.041666667,706.2580918,2254.151091,6,0.120274914,0.412371134,0.467353952,0.46875,6.55998073981094,7.72052872474002,-47.08716,-44.18756,2.8996,-0.03,2.4,-0.890168948,1,1,"no attempt"
"waal_2373",2018,12,368,"2018-03-17 04:07:00","BS25768_2018","Male",3.4375,577.5098768,2077.963822,5,0.179331307,0.443768997,0.376899696,0.540740741,6.35872554493368,7.63914376149799,-47.0195,-44.19086,2.82864,-0.03,2.4,-0.890168948,1,1,"no attempt"
"waal_2373",2018,12,369,"2018-03-22 12:05:00","BS25768_2018","Male",2.75,259.1544158,1063.044331,10,0.367424242,0.454545455,0.178030303,0.718562874,5.55742408404293,6.96889208114124,-47.01546,-44.83691,2.17854999999999,-0.03,2.4,-0.890168948,1,1,"no attempt"
"waal_2397",2013,37,659,"2013-03-29 10:24:00","BS25819_2013_b","Male",1.75,89.46551592,615.211937,6,0.131736527,0.77245509,0.095808383,0.889655172,4.49385325405161,6.42196682144922,-47.11299,-46.42855,0.684440000000002,2.31,2.5,0.825174847,1,1,"no attempt"
"waal_2397",2013,37,657,"2013-03-21 01:40:00","BS25819_2013_b","Male",1.15625,112.9904879,368.0248626,3,0.418181818,0.463636364,0.118181818,0.796875,4.72730363729308,5.9081504972998,-47.16302,-46.42863,0.734390000000005,2.31,2.5,0.825174847,1,1,"no attempt"
"waal_2397",2013,37,658,"2013-03-25 08:08:00","BS25819_2013_b","Male",1.96875,78.29945885,343.2022329,7,0.617021277,0.319148936,0.063829787,0.833333333,4.36054069173405,5.83831987371152,-46.9743,-46.41965,0.554650000000002,2.31,2.5,0.825174847,1,1,"no attempt"
"waal_2397",2013,37,661,"2013-04-07 08:59:00","BS25819_2013_b","Male",3.8125,83.99178567,583.3075428,12,0.438356164,0.542465753,0.019178082,0.965853659,4.43071900441874,6.3687145649292,-46.98298,-46.43273,0.550249999999998,-0.07,0.4,0.825174847,1,1,"no attempt"
"waal_2415",2016,34,214,"2016-01-21 15:16:00","BS25843_2016","Male",11.82291667,1415.801106,9030.048776,17,0.199294533,0.284832451,0.515873016,0.355726872,7.25545080252357,9.10831304794683,-54.06959,-45.08139,8.9882,3.13,-3.6,-0.23951915,1,1,"no attempt"
"waal_2415",2016,34,215,"2016-02-12 17:51:00","BS25843_2016","Male",12.60416667,2447.894806,9724.130038,28,0.23573201,0.218362283,0.545905707,0.285714286,7.80298367130369,9.18236570823841,-66.03265,-45.71203,20.32062,1.35,-3.2,-0.23951915,1,1,"no attempt"
"waal_2423",2019,20,458,"2019-02-06 07:16:00","BS25853_2019","Male",3.729166667,80.58736043,421.1165273,17,0.644257703,0.327731092,0.028011204,0.921259843,4.38934181872893,6.04290958231981,-46.33988,-45.6707,0.669180000000004,-1.87,-2.3,-1.005051883,1,1,"no attempt"
"waal_2423",2019,20,457,"2019-02-01 03:09:00","BS25853_2019","Male",5.114583333,118.9498481,786.7550609,18,0.617107943,0.356415479,0.026476578,0.930851064,4.77870195974101,6.66791696858986,-46.93864,-46.126,0.812640000000002,-1.87,-2.3,-1.005051883,1,1,"no attempt"
"waal_2436",2013,30,32,"2013-01-24 06:14:00","BS25874_2013","Male",14.23958333,2097.711409,9773.596282,24,0.197657394,0.298682284,0.503660322,0.372262774,7.64860222420389,9.18743977167724,-65.06845,-46.19886,18.86959,0.71,-0.1,-0.338538968,1,1,"failedrep"
"waal_2494",2016,11,222,"2016-01-22 12:54:00","BS26508_2016","Male",8,1605.845677,6692.766113,10,0.153846154,0.299869622,0.546284224,0.354391371,7.38140579835786,8.80878253747287,-46.4122,-32.91094,13.50126,3.13,-3.6,-1.571817967,1,0,"no attempt"
"waal_2494",2016,11,223,"2016-01-31 14:09:00","BS26508_2016","Male",0.770833333,85.40279394,445.5566899,2,0.121621622,0.662162162,0.216216216,0.753846154,4.44737881618443,6.09932448887138,-46.91331,-46.20015,0.713160000000002,3.13,-3.6,-1.571817967,1,0,"no attempt"
"waal_2495",2016,11,193,"2016-01-17 10:19:00","BS26513_2016","Male",3.03125,143.8118943,678.6201423,9,0.272413793,0.644827586,0.082758621,0.886255924,4.96850615605269,6.52006153404932,-46.94847,-46.29173,0.656739999999999,3.13,-3.6,-0.381271946,1,1,"failedrep"
"waal_2497",2019,14,485,"2019-02-10 03:33:00","BS26523_2019","Male",17.36458333,1582.63407,9695.396518,53,0.302339532,0.394121176,0.303539292,0.564918315,7.36684587080891,9.17940646606681,-52.41924,-35.43167,16.98757,-1.87,-2.3,1.669289717,1,1,"no attempt"
"waal_2501",2018,13,383,"2018-02-17 14:46:00","BS26529_2018","Male",10.58333333,180.5187835,2233.259661,57,0.390147783,0.553694581,0.056157635,0.907915994,5.19583483607059,7.7112175285549,-47.29596,-45.63559,1.66037,1.02,-0.8,-0.693108102,1,1,"no attempt"
"waal_4627",2016,NA,285,"2016-01-21 08:59:00","BS26543_2016","Male",5.979166667,525.7797585,4299.47108,14,0.219512195,0.308362369,0.472125436,0.395089286,6.26488241497812,8.3662472894648,-50.86864,-44.78481,6.08383,3.13,-3.6,-0.090813858,NA,NA,NA
"waal_4627",2016,NA,286,"2016-01-27 10:21:00","BS26543_2016","Male",0.697916667,154.9488456,504.0354807,1,0.03030303,0.5,0.46969697,0.515625,5.0430950340608,6.22264666380782,-47.05943,-45.88482,1.17461,3.13,-3.6,-0.090813858,NA,NA,NA
"waal_4627",2018,NA,367,"2018-02-15 14:55:00","BS26543_2018","Male",9.833333333,1128.113742,4374.201287,29,0.288441145,0.459172853,0.252386002,0.645305514,7.02830226208087,8.38347921915364,-47.44514,-42.9029,4.54224,1.02,-0.8,-0.090813858,NA,NA,NA
"waal_2504",2019,14,468,"2019-01-31 12:11:00","BS26544_2019","Male",6.09375,270.5723199,2015.39481,20,0.409246575,0.440068493,0.150684932,0.744927536,5.60053941893027,7.6085703906718,-47.10032,-45.19451,1.90581,2.79,-0.1,-0.385458664,1,1,"no attempt"
"waal_2514",2013,8,43,"2013-02-17 05:37:00","BS26568_2013","Male",11.09375,1911.032813,5531.44949,19,0.412206573,0.16056338,0.427230047,0.273162939,7.55539911468417,8.61820517409458,-48.25607,-37.05638,11.19969,2.84,-0.4,1.931971289,1,0,"no attempt"
"waal_2577",2013,NA,663,"2013-03-31 10:18:00","BS26722_2013_b","Male",4.666666667,1168.361476,2980.016165,9,0.284116331,0.308724832,0.407158837,0.43125,7.06335759838494,7.99968400398138,-46.43568,-35.89529,10.54039,2.31,2.5,-0.45971252,NA,NA,NA
"waal_2577",2013,NA,662,"2013-03-23 07:15:00","BS26722_2013_b","Male",2.239583333,217.9234416,1136.514407,6,0.196261682,0.457943925,0.345794393,0.569767442,5.38414381578798,7.03572131985105,-46.52947,-45.26929,1.26018000000001,2.31,2.5,-0.45971252,NA,NA,NA
"waal_2588",2018,13,363,"2018-03-30 07:28:00","BS26739_2018","Male",5.802083333,984.278621,3595.965347,18,0.26618705,0.309352518,0.424460432,0.421568627,6.89190900839522,8.18756775900448,-46.48555,-39.21898,7.26657,-0.03,2.4,-0.565990903,1,1,"no attempt"
"waal_2588",2018,13,362,"2018-03-24 01:42:00","BS26739_2018","Male",2.302083333,182.4372123,641.8355512,8,0.463636364,0.459090909,0.077272727,0.855932203,5.20640607163467,6.46433212009893,-46.90456,-46.36252,0.542039999999993,-0.03,2.4,-0.565990903,1,1,"no attempt"
"waal_2606",2016,10,186,"2016-01-19 05:05:00","BS27518_2016","Male",12.13541667,2936.50259,9517.576976,32,0.194849785,0.318454936,0.486695279,0.395522388,7.98497455696457,9.16089557606214,-64.04194,-44.30998,19.73196,3.13,-3.6,-0.603633066,1,1,"no attempt"
"waal_2640",2013,35,34,"2013-01-26 18:33:00","BS27593_2013","Male",5.479166667,89.60013139,913.8504735,15,0.563809524,0.392380952,0.043809524,0.899563319,4.49535678638606,6.81766696233787,-47.04975,-45.66823,1.38152,0.71,-0.1,1.149499584,1,0,"no attempt"
"waal_2640",2018,40,426,"2018-03-12 08:28:00","BS27593_2018","Male",6.302083333,1524.973932,4372.291116,12,0.294701987,0.208609272,0.496688742,0.295774648,7.32973259512492,8.38304243353894,-46.99361,-33.01459,13.97902,-0.03,2.4,1.149499584,1,1,"no attempt"
"waal_2640",2018,40,425,"2018-03-02 14:40:00","BS27593_2018","Male",8.041666667,734.8439655,3797.372408,16,0.189364462,0.555123217,0.255512322,0.6848,6.599658184839,8.2420646349588,-47.00229,-44.94126,2.06103,-0.03,2.4,1.149499584,1,1,"no attempt"
"waal_2640",2018,40,424,"2018-02-04 11:43:00","BS27593_2018","Male",15.14583333,1314.328883,8301.687007,31,0.392980041,0.236751549,0.37026841,0.390022676,7.18108145920328,9.02421402698685,-51.2567,-37.18366,14.07304,1.02,-0.8,1.149499584,1,1,"no attempt"
"waal_2647",2018,18,377,"2018-01-18 13:34:00","BS27601_2018","Male",12.82291667,1247.271645,5121.589151,45,0.36097561,0.404878049,0.234146341,0.633587786,7.12871376076976,8.54122005093001,-53.38507,-46.30885,7.07622,2.72,1.8,-2.464524336,1,1,"no attempt"
"waal_2655",2011,26,464,"2011-01-15 16:44:00","BS27614_2011","Male",10.82291667,1031.16539,4885.302009,33,0.400770713,0.253371869,0.345857418,0.422829582,6.93844488822232,8.49398638631204,-54.96593,-44.29246,10.67347,0.48,3.8,1.45134383,1,1,"no attempt"
"waal_2655",2013,28,35,"2013-02-25 03:34:00","BS27614_2013","Male",20.22916667,2145.228458,15794.16586,32,0.239958805,0.179711637,0.580329557,0.236449864,7.67100133291673,9.66739590145863,-64.60458,-46.29293,18.31165,2.84,-0.4,1.45134383,1,1,"no attempt"
"waal_2655",2015,30,163,"2015-03-05 15:08:00","BS27614_2015","Male",10.125,3230.473722,9048.659113,13,0.255406797,0.139031926,0.605561277,0.186721992,8.08038406862061,9.11037186140716,-61.5518,-46.33294,15.21886,0.88,-1.2,1.45134383,1,1,"no attempt"
"waal_2655",2015,30,162,"2015-02-06 13:15:00","BS27614_2015","Male",6.6875,775.4711146,2556.248597,19,0.5171875,0.2328125,0.25,0.482200647,6.65347073446963,7.84629607094011,-47.30112,-43.80638,3.49474,4.92,0.4,1.45134383,1,1,"no attempt"
"waal_2660",2017,34,315,"2017-02-15 08:39:00","BS27620_2017","Male",18.1875,1310.300332,10757.41711,34,0.293814433,0.300114548,0.406071019,0.424979724,7.1780116509876,9.2833507593612,-53.95857,-40.04197,13.9166,-1.09,-0.1,0.639621586,1,1,"no attempt"
"waal_2670",2013,23,667,"2013-03-31 13:33:00","BS27642_2013_b","Male",4.479166667,1515.573922,3971.374127,8,0.130536131,0.291375291,0.578088578,0.335120643,7.3235494726095,8.28686744150067,-46.44017,-34.45071,11.98946,2.31,2.5,2.27169065,1,1,"no attempt"
"waal_2670",2013,23,666,"2013-03-29 11:25:00","BS27642_2013_b","Male",0.822916667,114.1531148,317.7600673,2,0.076923077,0.730769231,0.192307692,0.791666667,4.73754065950672,5.76129659265185,-46.3578,-45.5051,0.852699999999999,2.31,2.5,2.27169065,1,1,"no attempt"
"waal_2670",2013,23,665,"2013-03-24 06:45:00","BS27642_2013_b","Male",3.927083333,571.1378379,2628.988719,1,0.039893617,0.537234043,0.42287234,0.559556787,6.34763057789738,7.87435453373551,-46.35864,-44.32598,2.03266,2.31,2.5,2.27169065,1,1,"no attempt"
"waal_2670",2013,23,664,"2013-03-17 09:00:00","BS27642_2013_b","Male",5.177083333,962.5132873,3524.908277,5,0.143145161,0.268145161,0.588709677,0.312941176,6.86954787105366,8.1676096941986,-48.11614,-39.89282,8.22332,2.31,2.5,2.27169065,1,1,"no attempt"
"waal_2706",2013,25,62,"2013-02-23 01:07:00","BS27707_2013","Male",13.10416667,2696.046993,9743.136014,26,0.143198091,0.280827367,0.575974543,0.327762303,7.89954190251827,9.18431831750444,-62.72202,-46.21726,16.50476,2.84,-0.4,-1.220837017,1,1,"no attempt"
"waal_2709",2017,35,296,"2017-02-07 07:38:00","BS27710_2017","Male",5.864583333,172.1110099,1714.090155,17,0.379003559,0.519572954,0.101423488,0.836676218,5.14813967502367,7.44663769695763,-46.83015,-44.83452,1.99563000000001,-1.09,-0.1,1.459797138,1,1,"failedrep"
"waal_2712",2019,42,484,"2019-01-22 08:54:00","BS27713_2019","Male",20.8125,2245.034908,14839.79682,62,0.243243243,0.288788789,0.467967968,0.381613757,7.71647634927596,9.60506782525298,-65.0087,-45.69003,19.31867,2.79,-0.1,NA,1,1,"no attempt"
"waal_2720",2011,NA,496,"2011-02-10 06:25:00","BS27729_2011","Male",8,223.4195431,1405.3118,35,0.481095176,0.436766623,0.082138201,0.841708543,5.40905136311331,7.24801447885505,-46.7035,-45.3963,1.3072,0.87,4.5,-0.236342246,NA,NA,NA
"waal_2724",2017,10,350,"2017-02-06 05:48:00","BS27734_2017","Male",13.95833333,1687.887828,9442.970885,34,0.241224795,0.311426438,0.447348768,0.410433071,7.43123322034119,9.15302592202206,-61.02441,-44.59251,16.4319,-1.09,-0.1,-0.255349772,1,1,"no attempt"
"waal_2766",2018,11,387,"2018-03-23 14:35:00","BS27850_2018","Male",4.645833333,346.2305308,2327.511692,11,0.289237668,0.551569507,0.159192825,0.776025237,5.84710482718419,7.75255503255429,-47.1022,-46.1154,0.986800000000002,-0.03,2.4,NA,1,1,"no attempt"
"waal_2766",2018,11,386,"2018-03-15 13:28:00","BS27850_2018","Male",2.541666667,241.1236473,802.3963632,12,0.50617284,0.304526749,0.189300412,0.616666667,5.48530986125681,6.68760270423466,-46.96871,-45.96008,1.00863,-0.03,2.4,NA,1,1,"no attempt"
"waal_2808",2017,32,299,"2017-02-05 05:04:00","BS27929_2017","Male",14.17708333,1640.712833,8691.456861,41,0.397058824,0.220588235,0.382352941,0.365853659,7.40288608065173,9.07009585219428,-50.79045,-32.82857,17.96188,-1.09,-0.1,2.330813433,1,1,"no attempt"
"waal_2816",2019,NA,465,"2019-02-16 06:00:00","BS27946_2019","Male",13.22916667,545.0713934,4075.454208,51,0.378250591,0.433412136,0.188337273,0.697084918,6.3009167831481,8.31273748154942,-47.28829,-42.53852,4.74977000000001,-1.87,-2.3,-0.634187084,NA,NA,NA
"waal_4628",2019,NA,454,"2019-02-16 07:43:00","BS28228_2019","Male",14.83333333,2306.630871,7950.196918,42,0.338018271,0.307097681,0.354884048,0.463906582,7.74354324147059,8.98095197690137,-66.12152,-45.97608,20.14544,-1.87,-2.3,-0.473145693,NA,NA,NA
"waal_2938",2019,11,480,"2019-02-03 09:03:00","BS28246_2019","Male",6.666666667,580.1873273,2022.2264,27,0.48200313,0.355242567,0.162754304,0.685800604,6.36335102949771,7.6119543616606,-48.9455,-45.08283,3.86267,-1.87,-2.3,NA,1,1,"no attempt"
"waal_2967",2013,24,686,"2013-03-22 04:16:00","BS28284_2013_b","Male",1.427083333,108.8464961,358.2358866,3,0.455882353,0.441176471,0.102941176,0.810810811,4.68993859699248,5.88119167053798,-46.90451,-46.42939,0.475120000000004,2.31,2.5,-0.434299278,1,1,"no attempt"
"waal_2967",2013,24,687,"2013-03-25 07:55:00","BS28284_2013_b","Male",1.229166667,78.13475075,274.1596434,6,0.618644068,0.322033898,0.059322034,0.844444444,4.3584349098685,5.61371057686519,-46.97685,-46.42848,0.548369999999998,2.31,2.5,-0.434299278,1,1,"no attempt"
"waal_2967",2013,24,689,"2013-03-31 13:57:00","BS28284_2013_b","Male",2.708333333,150.6379759,456.1979293,6,0.646153846,0.280769231,0.073076923,0.793478261,5.01487944758842,6.12292677082201,-47.03037,-46.42828,0.602089999999997,2.31,2.5,-0.434299278,1,1,"no attempt"
"waal_2967",2013,24,688,"2013-03-28 07:12:00","BS28284_2013_b","Male",1.760416667,81.61225321,323.2811046,6,0.636904762,0.267857143,0.095238095,0.737704918,4.40197941258415,5.77852223761665,-47.04004,-46.41065,0.629390000000001,2.31,2.5,-0.434299278,1,1,"no attempt"
"waal_3091",2017,24,334,"2017-02-24 06:46:00","BS28601_2017","Male",5,275.2808012,1594.03923,15,0.478079332,0.334029228,0.187891441,0.64,5.61779167197613,7.37402647008872,-46.75468,-44.35921,2.39547,-1.09,-0.1,-2.294884629,1,1,"no attempt"
"waal_3117",2019,NA,471,"2019-01-20 12:29:00","BS28713_2019","Male",16.95833333,805.1501656,4123.595516,63,0.537185003,0.358328211,0.104486785,0.774236388,6.69102880113994,8.32448075982228,-50.24849,-45.5632,4.68528999999999,2.79,-0.1,-0.487817466,NA,NA,NA
"waal_3124",2019,NA,482,"2019-02-01 10:30:00","BS28729_2019","Male",15.91666667,1488.033377,9255.023217,41,0.256712508,0.423706614,0.319580878,0.570044053,7.30521064592104,9.1329217335944,-49.43826,-43.04246,6.3958,-1.87,-2.3,-0.476451325,NA,NA,NA
"waal_3290",2016,9,205,"2016-03-20 15:13:00","BS30359_2016","Male",0.9375,107.7039082,303.0319868,3,0.370786517,0.415730337,0.213483146,0.660714286,4.67938587134054,5.71383836693427,-47.1373,-46.35939,0.777910000000006,4.36,-0.1,-0.183653508,1,1,"failedrep"
"waal_3290",2016,9,203,"2016-02-05 15:47:00","BS30359_2016","Male",27.6875,3275.443439,21518.59312,48,0.197591268,0.275875047,0.526533685,0.34380863,8.09420854012481,9.97667263667397,-68.94505,-35.46254,33.48251,1.35,-3.2,-0.183653508,1,1,"failedrep"
"waal_3290",2016,9,202,"2016-01-24 17:32:00","BS30359_2016","Male",4.09375,686.6833247,1971.929638,15,0.329081633,0.385204082,0.285714286,0.574144487,6.53187323209311,7.58676785399863,-47.05063,-43.38802,3.66261,3.13,-3.6,-0.183653508,1,1,"failedrep"
"waal_3290",2016,9,206,"2016-03-26 15:15:00","BS30359_2016","Male",2.635416667,82.59077506,324.9272585,9,0.671936759,0.312252964,0.015810277,0.951807229,4.4138979922077,5.7836013372783,-46.9717,-46.28837,0.683329999999998,4.36,-0.1,-0.183653508,1,1,"failedrep"
"waal_3290",2016,9,204,"2016-03-10 11:04:00","BS30359_2016","Male",8.145833333,1520.087123,5033.470005,18,0.311139565,0.221510883,0.467349552,0.321561338,7.32652292996088,8.52386488707752,-46.36702,-33.23225,13.13477,4.36,-0.1,-0.183653508,1,1,"failedrep"
"waal_3290",2018,11,371,"2018-01-18 11:32:00","BS30359_2018","Male",18.05208333,2834.844467,9700.488236,46,0.256928406,0.397228637,0.345842956,0.534576535,7.9497423529285,9.17993149683303,-63.55909,-44.90568,18.65341,2.72,1.8,-0.183653508,1,1,"no attempt"
"waal_3299",2016,28,273,"2016-01-24 08:29:00","BS30446_2016","Male",4.260416667,155.3170111,1986.775705,10,0.105392157,0.703431373,0.191176471,0.78630137,5.04546826118101,7.59426835495227,-47.03034,-45.51215,1.51819,3.13,-3.6,-0.660901981,1,1,"no attempt"
"waal_3402",2011,40,499,"2011-02-19 05:02:00","BS4687_2011","Male",7.135416667,1186.341636,4345.364185,19,0.205839416,0.37810219,0.416058394,0.476102941,7.0786295954127,8.37686485121811,-54.89479,-45.85577,9.03902,0.87,4.5,2.135998652,1,0,"no attempt"
"waal_3402",2013,42,45,"2013-02-02 13:35:00","BS4687_2013","Male",5.708333333,1121.808819,3015.330097,14,0.413162706,0.223034735,0.363802559,0.380062305,7.02269767851597,8.01146458807704,-48.67225,-43.69073,4.98152,2.84,-0.4,2.135998652,1,0,"no attempt"
"waal_3402",2013,42,46,"2013-02-12 10:32:00","BS4687_2013","Male",10.69791667,1945.607193,5810.931278,33,0.393762183,0.271929825,0.334307992,0.448553055,7.57332938882505,8.66749612581347,-61.63254,-46.04392,15.58862,2.84,-0.4,2.135998652,1,0,"no attempt"
"waal_3733",2013,35,549,"2013-02-02 08:27:00","BS5682_2013","Male",6.166666667,776.9112239,3228.213219,18,0.333333333,0.382402707,0.284263959,0.573604061,6.6553260888851,8.07968408018242,-48.35452,-44.66704,3.68748,2.84,-0.4,-1.44292959,1,1,"no attempt"
"waal_3733",2013,35,550,"2013-02-12 09:14:00","BS5682_2013","Male",11.05208333,2309.287506,11179.94254,12,0.093396226,0.271698113,0.63490566,0.299687825,7.74469431697772,9.321876607161,-64.2215,-45.38912,18.83238,2.84,-0.4,-1.44292959,1,1,"no attempt"
"waal_3733",2013,35,548,"2013-01-21 08:31:00","BS5682_2013","Male",3.125,177.2345943,933.3735666,11,0.401337793,0.471571906,0.127090301,0.787709497,5.17747424654322,6.83880551363753,-47.08168,-46.32917,0.752510000000001,0.71,-0.1,-1.44292959,1,1,"no attempt"
"waal_3733",2018,40,439,"2018-01-18 06:23:00","BS5682_2018","Male",13.89583333,1262.122746,5627.707505,53,0.399849962,0.36684171,0.233308327,0.61125,7.1405503014459,8.63545744549068,-50.57428,-46.195,4.37928,2.72,1.8,-1.44292959,1,1,"no attempt"
"waal_3735",2013,35,38,"2013-04-04 09:13:00","BS5688_2013","Male",2.71875,185.4879534,679.9292306,11,0.463601533,0.413793103,0.122605364,0.771428571,5.22298993869882,6.52198872010716,-46.3543,-45.18524,1.16906,-0.07,0.4,-0.642345938,1,1,"no attempt"
"waal_3735",2013,35,37,"2013-03-25 09:55:00","BS5688_2013","Male",4.979166667,823.4003007,2442.404719,16,0.305439331,0.353556485,0.341004184,0.509036145,6.71344247452884,7.80073837353475,-46.35896,-41.59854,4.76042,2.31,2.5,-0.642345938,1,1,"no attempt"
"waal_3735",2013,35,36,"2013-03-08 09:47:00","BS5688_2013","Male",13.84375,1334.815594,4631.780285,29,0.586596386,0.173945783,0.239457831,0.420765027,7.19654842945806,8.44069658397408,-48.9705,-43.51057,5.45993,2.31,2.5,-0.642345938,1,1,"no attempt"
"waal_3761",2016,38,217,"2016-01-26 07:22:00","BS5763_2016","Male",27.30208333,3983.690405,27281.65607,47,0.18237314,0.195345288,0.622281572,0.238917406,8.28996390609659,10.2139698164931,-64.30492,-45.35568,18.94924,3.13,-3.6,0.224840446,1,0,"no attempt"
"waal_3761",2016,38,221,"2016-03-26 17:08:00","BS5763_2016","Male",1.59375,84.54044095,244.8638845,6,0.732026144,0.202614379,0.065359477,0.756097561,4.43723001099918,5.50070248268721,-47.08586,-46.25023,0.835629999999995,4.36,-0.1,0.224840446,1,0,"no attempt"
"waal_3761",2016,38,218,"2016-03-06 15:39:00","BS5763_2016","Male",4.885416667,361.8350908,1657.13812,16,0.425213675,0.416666667,0.158119658,0.724907063,5.89118855775498,7.41284736941437,-49.56793,-45.74771,3.82022,4.36,-0.1,0.224840446,1,0,"no attempt"
"waal_3761",2016,38,219,"2016-03-15 19:56:00","BS5763_2016","Male",2.677083333,139.1744807,1132.631171,8,0.28125,0.515625,0.203125,0.717391304,4.93572840278903,7.03229867493264,-46.97215,-46.20232,0.769829999999999,4.36,-0.1,0.224840446,1,0,"no attempt"
"waal_3950",2011,44,500,"2011-02-01 05:35:00","BS6229_2011","Male",19.0625,2358.754925,7096.662427,60,0.540983607,0.208196721,0.250819672,0.453571429,7.7658891846509,8.86737987180261,-63.58488,-43.91189,19.67299,0.87,4.5,1.396049243,1,1,"no attempt"
"waal_4087",2013,44,95,"2013-01-25 11:50:00","BS6682_2013","Male",4.770833333,88.30363557,1083.026395,13,0.436681223,0.513100437,0.050218341,0.910852713,4.48078127969552,6.98751461881849,-46.98534,-46.29202,0.69332,0.71,-0.1,-0.359333405,1,1,"failedrep"
"waal_4143",2013,37,692,"2013-03-31 09:38:00","BS6975_2013_b","Male",1.927083333,99.12614019,517.1041817,7,0.432432432,0.448648649,0.118918919,0.79047619,4.59639318243615,6.24824436619988,-47.11066,-45.84635,1.26431,2.31,2.5,0.847705799,1,1,"no attempt"
"waal_4143",2013,37,691,"2013-03-27 11:30:00","BS6975_2013_b","Male",2.75,77.78770861,282.0036705,5,0.745247148,0.243346008,0.011406844,0.955223881,4.35398343168509,5.64192008681085,-47.04743,-46.43197,0.615459999999999,2.31,2.5,0.847705799,1,1,"no attempt"
"waal_4143",2013,37,693,"2013-04-05 04:30:00","BS6975_2013_b","Male",2.208333333,84.50706358,357.6979391,6,0.363207547,0.622641509,0.014150943,0.977777778,4.43683512353218,5.87968888471636,-47.03119,-46.42973,0.601460000000003,-0.07,0.4,0.847705799,1,1,"no attempt"
"waal_4248",2014,34,133,"2014-01-20 12:39:00","BS8046_2014","Male",14.22916667,1203.884701,4960.57752,40,0.510622711,0.293772894,0.195604396,0.600299401,7.09330885799413,8.50927744842476,-48.1649,-44.1637,4.0012,-0.13,2.4,-0.37092921,0,NA,"no attempt"
"waal_4248",2015,35,170,"2015-01-11 08:34:00","BS8046_2015","Male",25.35416667,2838.21183,17762.02878,64,0.318125771,0.238799836,0.443074394,0.35021097,7.95092949552648,9.78481824313016,-63.15205,-45.52799,17.62406,1.35,-1.4,-0.37092921,1,0,"no attempt"
"waal_4283",2013,32,543,"2013-02-24 04:01:00","BS8390_2013","Male",17.89583333,2635.742019,8885.308203,44,0.358182877,0.257425743,0.38439138,0.401088929,7.87692002247182,9.09215442800064,-62.70718,-45.30725,17.39993,2.84,-0.4,1.034940395,1,1,"no attempt"
"waal_4283",2013,32,696,"2013-04-02 04:11:00","BS8390_2013_b","Male",2.916666667,112.5864966,616.5097937,10,0.541218638,0.347670251,0.111111111,0.7578125,4.72372178489073,6.4240742084474,-46.95766,-45.41783,1.53982999999999,-0.07,0.4,1.034940395,1,1,"no attempt"
"waal_4283",2013,32,695,"2013-03-28 06:04:00","BS8390_2013_b","Male",2.15625,75.16477706,338.7624425,6,0.68115942,0.256038647,0.062801932,0.803030303,4.31968273106728,5.82529910214666,-46.93434,-45.93296,1.00138,2.31,2.5,1.034940395,1,1,"no attempt"
"waal_4283",2013,32,694,"2013-03-21 04:30:00","BS8390_2013_b","Male",4,363.5683762,1127.319473,11,0.541666667,0.28125,0.177083333,0.613636364,5.89596738437344,7.02759794591886,-49.36388,-46.27302,3.09086,2.31,2.5,1.034940395,1,1,"no attempt"
"waal_4309",2013,32,58,"2013-02-21 05:24:00","BS8484_2013","Male",10.08333333,1318.640757,5496.123847,24,0.252326784,0.43123061,0.316442606,0.576763485,7.18435675549926,8.61179836767304,-47.16337,-35.61865,11.54472,2.84,-0.4,0.573140446,1,1,"no attempt"
"waal_4309",2017,36,316,"2017-02-27 14:32:00","BS8484_2017","Male",6.708333333,122.0778629,1507.760435,17,0.546583851,0.378881988,0.074534161,0.835616438,4.80465906164897,7.31838067321579,-47.03727,-45.64406,1.39321,-1.09,-0.1,0.573140446,1,1,"no attempt"
"waal_4386",2014,32,705,"2014-04-09 19:33:00","BS8822_2014_b","Male",3.947916667,829.1839534,3286.329916,9,0.103448276,0.289124668,0.607427056,0.322485207,6.72044202846892,8.09752669404434,-49.98426,-43.66094,6.32332,1.18,1.3,-0.579229154,1,1,"failedrep"
"waal_4430",2011,28,505,"2011-01-26 03:08:00","BS9065_2011","Male",10.29166667,1011.672947,4074.096344,30,0.475708502,0.305668016,0.218623482,0.583011583,6.91936062271396,8.31240424500983,-53.92237,-45.599,8.32337,0.48,3.8,-2.043020114,1,0,"failedrep"
"waal_4430",2014,31,115,"2014-01-18 18:26:00","BS9065_2014","Male",7.614583333,1121.606781,3773.254453,16,0.38630137,0.331506849,0.282191781,0.540178571,7.02251756208944,8.23569315818858,-51.01427,-46.33377,4.6805,-0.13,2.4,-2.043020114,0,NA,"failedrep"
"waal_4430",2015,32,168,"2015-02-01 15:16:00","BS9065_2015","Male",6.020833333,255.1985322,1289.229841,19,0.548442907,0.342560554,0.10899654,0.75862069,5.5420417998867,7.16180029658621,-47.99771,-45.97576,2.02195,4.92,0.4,-2.043020114,1,1,"no attempt"
"waal_4430",2015,32,169,"2015-02-12 15:46:00","BS9065_2015","Male",18.65625,1888.724913,14747.6087,36,0.205586592,0.28603352,0.508379888,0.360056259,7.54365723116916,9.59883622659087,-54.39729,-46.32125,8.07604,4.92,0.4,-2.043020114,1,1,"no attempt"
"waal_4430",2017,34,325,"2017-03-01 04:55:00","BS9065_2017","Male",5.28125,559.1030504,1949.561276,13,0.347826087,0.438735178,0.213438735,0.672727273,6.326333803929,7.57535963957783,-48.10829,-45.77535,2.33293999999999,-1.56,1.5,-2.043020114,1,1,"no attempt"
"waal_4431",2014,31,135,"2014-01-25 14:48:00","BS9067_2014","Male",10.57291667,1143.75965,4408.346249,32,0.42209073,0.292899408,0.285009862,0.506825939,7.04207605371261,8.39125489788397,-49.82311,-43.65736,6.16575,-0.13,2.4,-0.554481986,0,NA,"no attempt"
"waal_4431",2017,34,349,"2017-02-05 00:28:00","BS9067_2017","Male",11.52083333,1716.831098,9011.36338,23,0.257918552,0.295927602,0.446153846,0.398780488,7.44823548564528,9.10624165768985,-61.69251,-46.02949,15.66302,-1.09,-0.1,-0.554481986,1,1,"no attempt"
"waal_4449",2012,28,536,"2012-02-27 07:29:00","BS9171_2012","Male",4.020833333,162.9515892,568.5088073,17,0.58961039,0.366233766,0.044155844,0.892405063,5.09345315792089,6.34301680524297,-46.35549,-45.28436,1.07113,-1.53,0.8,0.1728438,1,1,"no attempt"
"waal_4500",2013,36,82,"2013-02-23 12:49:00","BS9443_2013","Male",5.583333333,539.1749192,2302.630074,26,0.34141791,0.475746269,0.182835821,0.722379603,6.29004004367945,7.74180725904196,-46.967,-44.46845,2.49855,2.84,-0.4,-1.146347388,1,1,"failedrep"
"waal_4505",2011,34,506,"2011-02-06 15:03:00","BS9462_2011","Male",4.8125,99.35218903,852.7862901,23,0.480519481,0.497835498,0.021645022,0.958333333,4.59867100227296,6.74850897694558,-47.07833,-46.33186,0.746470000000002,0.87,4.5,-0.29711337,1,1,"no attempt"
"waal_4505",2011,34,507,"2011-02-15 15:44:00","BS9462_2011","Male",6.427083333,87.97676791,1022.655357,30,0.457792208,0.512987013,0.029220779,0.946107784,4.47707277860107,6.9301578147618,-47.08375,-45.91374,1.17001,0.87,4.5,-0.29711337,1,1,"no attempt"
"waal_4505",2013,36,49,"2013-01-26 15:54:00","BS9462_2013","Male",4.916666667,83.23832411,896.4246886,17,0.549893843,0.399150743,0.050955414,0.886792453,4.42170786809354,6.79841428349306,-46.97567,-46.27346,0.702210000000001,0.71,-0.1,-0.29711337,1,1,"no attempt"
"waal_4506",2011,34,508,"2011-02-10 13:40:00","BS9466_2011","Male",19.48958333,1562.118798,7388.772632,46,0.247593583,0.560962567,0.19144385,0.745557925,7.35379838256521,8.90771691516891,-46.35894,-34.0362,12.32274,0.87,4.5,-0.456532969,1,0,"failedrep"
"waal_4577",2013,24,702,"2013-03-29 12:14:00","BS9892_2013_b","Male",3.427083333,833.8382229,2457.457968,3,0.100609756,0.304878049,0.594512195,0.338983051,6.72603940620458,7.80688274831452,-46.66446,-40.38818,6.27628,2.31,2.5,-0.347814837,1,1,"no attempt"
"waal_4577",2013,24,701,"2013-03-23 05:40:00","BS9892_2013_b","Male",2.145833333,650.5981434,1807.727659,5,0.126213592,0.291262136,0.582524272,0.333333333,6.47789216036165,7.49982589852205,-47.44181,-44.40909,3.03272,2.31,2.5,-0.347814837,1,1,"no attempt"
"waal_4577",2013,24,700,"2013-03-17 15:34:00","BS9892_2013_b","Male",2.927083333,731.7220961,1822.281731,8,0.292857143,0.203571429,0.503571429,0.287878788,6.59540079173934,7.50784469319893,-48.0087,-44.587,3.42169999999999,2.31,2.5,-0.347814837,1,1,"no attempt"
"waal_4577",2017,28,339,"2017-02-14 16:01:00","BS9892_2017","Male",8.9375,1329.012392,5529.318538,27,0.34032634,0.287878788,0.371794872,0.43639576,7.19219138297376,8.61781985690486,-51.1783,-45.48024,5.69806,-1.09,-0.1,-0.347814837,1,0,"no attempt"
"waal_4577",2017,28,340,"2017-02-28 15:56:00","BS9892_2017","Male",0.739583333,59.93488828,203.5466425,3,0.521126761,0.38028169,0.098591549,0.794117647,4.09325877763797,5.31589518009421,-46.35041,-45.98845,0.361959999999996,-1.09,-0.1,-0.347814837,1,0,"no attempt"
"waal_4578",2019,30,470,"2019-02-20 12:39:00","BS9897_2019","Male",6.604166667,662.437639,2094.232057,30,0.440758294,0.366508689,0.192733017,0.655367232,6.49592642361857,7.6469422052522,-51.74395,-46.03311,5.71084,-1.87,-2.3,1.41904117,1,1,"no attempt"
